from_profile;video_id;total_video_views_paid;total_video_views_organic;total_video_10s_views;total_video_complete_views;total_video_impressions_unique;total_video_impressions_viral;total_video_impressions_fan;total_video_avg_time_watched;post_reactions_like_total;post_reactions_love_total;post_reactions_wow_total;post_reactions_haha_total;post_reactions_anger_total;post_reactions_sorry_total
1559901027613381;215806455983741;0;9187;2996;40;44963;1062;50665;10160;141;29;1;0;1;2
1559901027613381;513578442472945;0;13184;5381;42;63133;1826;71470;20246;177;15;2;11;127;7
1559901027613381;276826343018413;0;35644;15304;74;112157;24251;116867;15454;1427;349;29;12;21;4
1559901027613381;484428262048761;0;55756;26309;377;146519;13866;157863;20420;765;126;20;80;258;18
1559901027613381;1822477811184142;0;4888;1596;33;31901;2981;34410;4956;59;5;0;2;0;0
1559901027613381;774428532900951;84608;33507;62393;62;405680;36745;165162;16072;1680;101;30;49;42;379
1559901027613381;256440431893973;0;14641;5318;48;62418;12283;63327;15901;173;21;0;4;7;1
1559901027613381;1211039942378449;0;51031;24335;183;155993;19759;171158;23554;501;74;14;136;296;28
1559901027613381;2142102829145258;0;28973;9822;536;94943;5000;104990;16152;309;31;4;11;15;19
1559901027613381;284338542188950;0;65005;31614;34;212877;44030;197627;32751;1206;187;35;50;42;17
1559901027613381;352869541946720;0;17895;6807;264;77743;4506;85323;8830;164;15;16;18;8;85
1559901027613381;727870800928775;0;26075;9464;77;92173;15356;94458;12545;255;18;36;23;12;86
1559901027613381;348866502337467;0;6603;2546;3;31564;404;35500;12297;69;11;2;4;18;0
187062254656817;1175050582646531;0;25230;15587;3610;57464;11998;65312;15221;867;88;10;14;0;0
1559901027613381;196356711282357;0;35669;15358;11;153357;38680;155495;32764;423;106;59;417;554;25
1559901027613381;328463061266815;0;32326;21339;5910;127721;9644;127407;14286;447;36;4;7;1;0
1559901027613381;336939010196926;61137;112700;90825;19307;559450;254721;280143;12242;6752;919;130;37;15;3
1559901027613381;730209964006689;0;7683;4052;743;37405;246;42087;6668;39;2;0;4;0;5
187062254656817;534897350315488;0;164896;126785;32617;194959;5854;66869;33318;826;22;20;3;41;134
1559901027613381;2255814708022006;101743;48515;78289;12471;622131;56842;338310;8782;2324;268;65;14;7;2
1559901027613381;543605132718761;0;46799;26484;9028;107359;4739;122741;17633;126;8;0;7;0;1
1559901027613381;179918202951310;0;12918;5055;73;50965;2341;56628;14342;131;19;2;2;3;0
1559901027613381;291636528122152;0;9078;2943;54;42213;4423;43041;8435;254;28;4;0;0;0
1559901027613381;267110217187409;0;4989;1785;225;19395;75;25530;5290;23;0;0;2;0;0
1559901027613381;522418344909273;0;25720;12621;1245;106966;9979;142840;12974;108;5;11;1;1;1
1559901027613381;335475843701689;0;19015;6988;36;82427;9769;82753;11388;219;50;17;8;10;5
187062254656817;961678464039120;0;41358;29841;13076;73075;6504;76124;37551;605;18;2;19;1;0
1559901027613381;748162968865285;0;46512;28667;8019;177336;7018;194585;16404;475;5;5;12;136;82
1559901027613381;2255447234725420;98565;114837;114587;27749;588582;126785;473759;25219;1120;12;20;13;144;55
1559901027613381;116119575959220;0;10736;5336;746;67119;3121;74519;7104;175;7;2;25;4;12
187062254656817;583100605477625;0;12179;7322;1515;38515;3149;35072;12140;195;14;1;0;0;9
1559901027613381;198846811016812;28925;28080;28411;3060;207769;13144;115633;16448;745;17;4;4;4;57
187062254656817;495241420981388;0;44323;26534;9247;85282;2306;64053;22751;401;9;8;3;1;25
1559901027613381;292939764678604;16395;17111;15462;3150;91315;7691;58943;16568;232;13;2;40;2;3
1559901027613381;1069471743225456;112777;99674;117245;27637;586155;71801;291588;19264;2779;94;39;72;596;172
1559901027613381;2058513877549040;79788;72284;93633;22659;366291;29068;218437;15812;1100;13;15;9;125;303
187062254656817;319448355313541;0;188771;129832;31264;269910;32261;96778;33975;1797;71;22;125;10;10
1559901027613381;319795362148434;76700;47168;85259;9651;341981;38398;160097;14812;1293;127;16;572;8;12
1559901027613381;256086778382462;0;20127;7083;66;78919;9140;84282;14239;186;56;1;6;207;10
1559901027613381;482053222322841;0;38067;18730;2147;142977;30127;144661;19586;474;4;4;2;49;90
187062254656817;2134991379896954;0;147461;97903;16718;195325;59610;77189;74346;2392;249;19;7;3;3
1559901027613381;589792161437914;41629;38648;43470;7774;222929;37812;199354;15857;1112;38;12;18;181;118
1559901027613381;284493388873358;0;23645;12661;720;102570;11363;102778;9596;514;46;24;7;0;1
1559901027613381;302462700352195;70164;83278;79233;8673;567043;250081;266656;16565;2781;48;51;25;456;2017
1559901027613381;341722403268089;121291;68232;114575;25862;536578;23622;221712;13227;1754;30;40;75;15;15
1559901027613381;328220414427488;0;17783;5715;530;90921;10019;89085;6341;506;86;14;1;0;1
1559901027613381;1940212769616106;0;65313;31006;2176;177776;21987;160872;15655;812;134;6;1;10;193
1559901027613381;247265256142383;0;104220;71124;16630;354670;55036;310549;13531;1964;200;18;154;31;803
1559901027613381;343951253092425;0;3842;1338;59;23509;88;26550;5175;31;2;0;0;0;0
187062254656817;2192793400961883;0;12110;4495;1090;46046;1230;50654;6576;465;18;0;7;0;1
1559901027613381;2184611498524359;32446;73929;58627;15917;499773;283249;246882;6816;2690;52;33;14;389;3440
1559901027613381;2454072937953055;0;25820;13016;2022;109925;5969;110251;12870;397;23;5;9;2;1
1559901027613381;265786710653093;0;4983;1784;225;19244;71;25520;5609;21;1;0;2;0;0
187062254656817;354561441782314;0;11177;5717;1198;27012;3073;30078;12082;321;9;1;2;3;1
1559901027613381;707065706322585;0;39659;19553;2829;134496;5872;128638;15931;614;58;8;5;0;0
187062254656817;221241258771074;0;25970;11203;1952;60904;8268;71259;11110;387;1;1;2;21;51
1559901027613381;242166883118460;0;51437;30530;6615;173377;36666;175117;11047;463;9;22;42;209;29
1559901027613381;1898705396833939;0;69232;36263;9634;203588;16478;215626;10259;617;31;10;11;95;126
1559901027613381;752359778443272;0;97429;79242;18042;266057;56810;261690;17226;843;13;223;27;67;382
1559901027613381;309345069660011;0;17810;9114;1509;81401;3474;92753;7587;148;18;6;8;188;12
1559901027613381;167918894160055;0;47515;26181;4509;169387;31814;161208;23540;642;10;19;5;78;79
1559901027613381;1929408857095636;0;43973;25828;3811;145500;4302;162866;15304;216;6;2;3;86;51
1559901027613381;324264288128758;0;19457;10629;1146;85387;5966;87694;8531;190;7;6;2;0;1
1559901027613381;160620858226520;0;115772;78459;15093;226008;21994;195691;18395;506;8;51;8;43;224
1559901027613381;251206838896981;16521;98074;76876;21000;375655;160603;268481;12209;1625;25;30;14;561;906
187062254656817;717328651998803;0;9572;3732;804;24933;1006;32327;8462;150;6;1;0;0;0
1559901027613381;760306500974234;0;39402;22325;1204;123330;19919;156700;16465;196;2;7;5;1;0
1559901027613381;278471776117488;35538;66778;81345;11658;272400;67625;240257;14225;1136;33;25;51;1153;84
187062254656817;322914721832224;0;18171;6821;1081;42699;614;56007;8836;171;5;2;15;9;0
1559901027613381;493523151154968;55187;85549;79471;14237;386738;72698;211922;13394;3541;327;91;30;38;4
187062254656817;361566801315390;0;257768;160559;51074;403397;164177;145818;30966;9481;716;88;46;6;9
1559901027613381;368079360602759;0;16024;8324;29;66093;1538;74488;17655;126;15;2;8;14;6
187062254656817;755404708146455;0;22371;13088;1827;55097;10142;56929;15133;369;7;0;28;3;4
1559901027613381;2139833256269757;0;77919;51639;12053;205431;16929;195032;18786;496;25;13;82;57;9
187062254656817;2049408651784153;0;11316;4476;427;36844;5568;37947;7581;379;28;3;0;0;0
187062254656817;1381989805270053;0;8408;2640;488;30086;661;33792;6236;226;3;1;1;14;20
1559901027613381;1685254101576438;201273;236603;291896;87121;847505;347045;450833;29883;5042;239;85;70;702;307
1559901027613381;348861232554468;0;29073;15675;63;110309;22377;108024;29555;566;168;15;3;57;236
1559901027613381;266385200687720;39042;97679;102449;16295;371849;110258;253700;16677;1078;50;33;48;1007;246
1559901027613381;550406368715486;0;26104;8692;52;124178;20422;131070;12443;1108;294;29;11;4;2
1559901027613381;687772988274407;0;49052;27244;2185;151952;10281;157210;18634;759;34;7;20;1;5
1559901027613381;2335633876722975;0;41450;24106;4109;106575;3546;116664;13790;220;8;16;5;27;10
187062254656817;338757176683763;0;20886;12652;5995;52278;19844;45544;18611;791;107;6;0;0;3
1559901027613381;265214807376948;0;29821;16249;3454;113293;4425;122729;14201;247;1;8;1;15;32
187062254656817;284001622233445;0;8968;3813;889;32370;809;36593;7550;137;3;3;6;0;0
1559901027613381;344643869433724;0;17199;8698;1559;65811;1114;67229;11899;88;2;8;2;2;0
187062254656817;259054198013480;0;179632;144888;44086;270055;15437;92105;26086;2702;158;23;94;6;2
1559901027613381;280109932633371;171397;100670;166033;38448;523573;84109;184260;24737;2266;40;70;67;30;112
187062254656817;252933902059720;0;23277;13382;1702;67422;10015;67626;13830;684;35;10;2;0;2
1559901027613381;916279405162312;11161;23800;16548;3501;128555;9438;104044;9509;684;398;19;26;47;7
1559901027613381;2180010018882032;0;39926;17024;3862;149224;23650;152526;10997;881;65;11;8;1;5
1559901027613381;280355059271301;21801;44597;43541;6700;154895;9107;121677;19140;714;20;14;52;9;43
1559901027613381;1605726926400738;34352;62533;47729;8326;364731;130017;196689;10789;2217;40;23;20;650;694
187062254656817;492320531251281;0;64165;36333;13592;141313;35437;120019;29696;2948;258;24;4;1;2
1559901027613381;2710320139193946;0;43668;19949;2854;201859;45189;173642;7463;1623;278;42;20;29;7
1559901027613381;373662706508251;0;50538;28133;348;175526;29807;176364;19785;832;146;13;3;8;249
1559901027613381;1964980493593737;56865;496780;309326;96601;1734870;1567467;475791;15053;28923;2695;1175;89;31;29
187062254656817;341384933334514;0;135969;80479;37936;430247;339639;174291;18417;9161;760;140;20;0;12
1559901027613381;712016585834527;0;259404;119297;119;881525;892556;397042;23291;14018;4562;579;139;43;47
1559901027613381;472056886535307;0;21138;8098;49;97683;11318;103720;12216;292;34;12;22;10;8
1559901027613381;503448713486813;10863;83421;68287;17073;242182;22067;173432;23726;464;20;30;108;237;105
1559901027613381;889183074605340;0;67568;36511;11746;233024;30776;245365;15480;734;36;15;170;38;281
1559901027613381;740478616288862;40447;73895;56929;15665;322643;93950;266374;15890;3371;323;57;11;2;3
1559901027613381;1663589267076519;76038;93558;106531;19684;414276;119912;219813;21247;1718;46;76;25;101;15
187062254656817;2034050623552142;0;40355;23539;10895;110663;28855;85405;16588;1741;44;45;10;0;2
1559901027613381;2212928002364736;39212;39165;42255;3943;210654;16836;122867;10224;1097;127;8;3;0;46
1559901027613381;284064195573475;3912;20565;11099;1541;140231;29683;114727;9727;562;7;26;6;1;33
1559901027613381;486052471894781;0;79579;32145;2860;266971;174519;182871;10809;1415;34;21;6;266;1792
1559901027613381;282215912427044;0;29202;14940;968;122189;15100;130092;9994;292;5;19;57;44;172
1559901027613381;558767704545480;0;47676;22126;18;210807;90994;181707;18568;1991;503;42;9;23;24
1559901027613381;517519768732464;0;25742;12634;1245;106966;10019;142863;12980;185;7;12;2;4;4
1559901027613381;336080547197423;0;35334;18383;3078;148533;13973;151217;8894;909;69;14;4;6;2
1559901027613381;321431445307403;13243;20634;20596;1322;86330;4137;57047;20104;446;70;6;258;103;14
1559901027613381;178307973103140;0;213936;120813;16536;700523;604520;322148;14629;10011;991;636;41;12;19
187062254656817;1136163779879765;82603;10632;42363;2267;179499;10712;19025;14969;786;108;7;32;75;5
187062254656817;279923826062193;0;66443;40985;8350;149182;55949;74309;19522;3413;343;18;15;3;4
1559901027613381;340775833395984;0;9608;4610;666;49387;449;55642;6424;53;1;0;0;0;3
187062254656817;2207797059509857;0;26169;14259;4625;61584;5101;55625;18588;931;41;3;7;1;0
1559901027613381;321851488612036;0;38842;18480;3316;142264;20950;130969;10926;582;23;3;4;8;71
187062254656817;692378521145202;0;221184;165068;43294;230456;39709;44169;33343;2530;139;38;80;18;12
187062254656817;450446992148740;0;7285;2271;356;16097;280;18516;9738;96;1;2;1;13;4
1559901027613381;1588659691280846;35803;18538;32299;2560;226977;27227;91868;11712;984;19;64;37;22;76
187062254656817;273918360132518;0;96980;66323;9948;199081;5090;45589;23874;699;26;11;18;9;158
187062254656817;710718299301485;81086;27992;67463;23645;195120;2094;57310;22998;935;34;12;21;4;6
1559901027613381;252606138936223;0;807947;504981;183579;2137463;1977681;516202;35507;21487;491;257;292;1037;1979
1559901027613381;2311321205753319;0;21294;9976;652;79228;3472;81451;11071;129;2;2;2;30;33
1559901027613381;2241852906059174;0;32023;21367;5327;95793;1695;101172;13356;122;1;15;10;2;1
1559901027613381;283557622494977;0;12915;6367;1057;57036;1004;64503;8715;75;0;6;6;0;0
1559901027613381;372170676856826;66630;149978;173413;39517;501733;163275;316774;35040;3022;48;63;80;243;87
1559901027613381;2182724725325199;38283;85766;65236;15462;406703;214039;216876;11837;3164;37;35;86;1123;1375
1559901027613381;2239559696329507;16103;39022;28598;4290;305695;63267;164786;18175;1187;20;4;10;104;195
1559901027613381;554710004978026;0;17170;6473;25;77708;2029;90399;7993;317;30;1;4;1;0
1559901027613381;252593642093069;33092;171090;119258;22003;486795;336092;272748;14889;2661;34;130;70;1952;731
187062254656817;186578122222782;0;7810;2575;1067;27688;406;29083;8642;199;7;3;0;0;0
187062254656817;1647025015403936;89663;16547;50870;9337;204102;3123;40438;18687;837;30;5;5;45;15
1559901027613381;353385488741865;0;54229;38187;7407;152351;5898;169841;15279;462;12;8;67;60;5
187062254656817;2166337256962799;0;39737;28566;3182;69004;3580;86382;27168;375;8;11;3;120;47
1559901027613381;318825078758639;37033;66609;67237;10622;290295;69068;178542;13766;1828;294;13;8;11;1029
1559901027613381;258181074888142;0;32751;17026;2390;138006;31884;122212;9532;900;91;17;15;43;9
1559901027613381;250861498943923;0;93478;69947;15969;288237;73602;290309;21908;995;15;24;7;272;179
187062254656817;1646081305498307;89663;16547;50870;9337;204102;3123;40438;18687;91;1;0;1;0;0
1559901027613381;191957058366106;28806;115796;74573;11226;408126;189554;266153;27345;2392;25;14;10;747;1006
1559901027613381;478177549332924;0;10922;5223;404;45858;1320;49177;12306;101;4;3;1;0;27
187062254656817;257265678318035;0;37658;19035;7820;89259;25592;61273;21466;1534;70;10;4;3;3
1559901027613381;243615276509507;0;54536;33534;8810;250905;49892;168461;13127;1400;46;112;11;1;2
187062254656817;641923669535282;0;11485;4139;574;25716;2975;27756;12571;348;16;2;1;7;3
1559901027613381;767907416884056;0;23799;12838;58;83974;4955;111749;26965;260;38;8;24;42;6
187062254656817;240906880112190;0;20695;11044;3329;40259;1391;42544;17788;314;4;3;0;12;15
1559901027613381;935691073289517;0;99949;62953;22822;342812;98362;224738;20539;2424;113;24;20;31;162
1559901027613381;267412747157160;0;52189;31583;6128;169492;24594;145720;15481;624;7;17;28;14;29
1559901027613381;326220181293366;0;88104;62228;17493;250963;46583;254371;23919;656;7;17;11;194;47
187062254656817;1397615463702997;0;8013;3002;34;22865;1058;28358;10448;274;21;2;2;1;0
1559901027613381;327173611167203;0;58145;27243;480;240645;113328;191186;35343;2086;772;31;14;18;33
187062254656817;2228149997470672;7633;171218;85798;628;502489;601287;130733;64708;8417;2497;142;157;103;106
1559901027613381;161848054763472;100756;332744;244303;63732;1295716;407247;642480;33374;6959;252;77;25;40;845
1559901027613381;1984813898228456;11694;108308;82915;16759;318025;112199;261560;18720;924;8;61;14;787;117
187062254656817;247914639231745;0;8529;3592;791;27542;2398;26419;8004;311;19;7;1;0;0
1559901027613381;930337817152197;25618;109239;85918;23096;377007;72876;259886;18462;2522;331;76;27;37;13
187062254656817;1344534352349714;0;32480;18565;6045;60150;6577;45612;16818;589;9;3;10;5;2
1559901027613381;937243329733132;0;51924;29230;5700;163542;28751;130620;12424;698;42;29;27;3;13
1559901027613381;164131921198011;0;103250;80492;20421;267471;88984;243133;17400;1080;13;42;98;190;66
187062254656817;486685718489995;0;40048;24923;9898;106039;10236;56020;18035;798;13;7;1;2;36
1559901027613381;296345884302076;0;45724;26554;737;158314;16048;169913;27491;505;34;17;2;11;38
1559901027613381;302327947267568;0;50293;34463;7936;151508;13140;138172;12903;514;13;17;6;16;42
187062254656817;1981281008577819;0;48133;33102;17820;97887;25112;80485;19469;1026;13;31;13;36;17
1559901027613381;1854939807958492;0;45180;27506;1318;168853;24859;169199;23097;408;36;8;10;19;32
1559901027613381;1935607270076121;0;24263;10981;2602;136732;56968;111578;5686;417;2;5;2;106;634
1559901027613381;165933311012685;12272;14831;11218;1081;115538;6382;69996;9201;245;6;7;2;14;50
1559901027613381;1938359336457920;227317;257236;262449;27333;1843537;815484;388196;34352;13417;1094;89;81;77;2353
1559901027613381;257244211651309;62672;79902;89326;19143;415239;30324;208751;16117;1500;31;21;9;86;263
187062254656817;705061376546872;0;6206;2964;681;16107;400;18304;9272;178;5;2;0;0;1
1559901027613381;2160251407562148;26799;776758;547964;125010;2124038;2278804;418014;18972;45538;5956;431;242;92;132
1559901027613381;949100228621282;0;36071;18188;3033;118086;6014;131774;18076;263;3;5;18;24;1
1559901027613381;476498636174144;21673;200538;119418;44591;947892;633121;350424;10789;14629;2302;112;28;20;483
1559901027613381;486257385188886;0;26415;10661;705;145415;81158;104037;12844;1185;98;16;7;0;0
1559901027613381;2247850268761892;47968;111046;90487;17207;482953;149941;247267;27200;3071;68;41;549;200;66
187062254656817;1982094308514567;0;604978;435705;99047;832386;103460;119617;51120;6315;122;41;358;92;475
187062254656817;283029602317131;0;9437;3638;545;22653;2110;22123;12101;245;17;0;4;1;0
1559901027613381;2178344738843330;0;43790;23603;9108;166788;22502;180366;18904;629;4;8;2;54;55
1559901027613381;2232592623732354;0;134216;86284;24337;367122;158835;304247;21362;1743;22;40;40;355;158
1559901027613381;2001489006597644;35120;74615;69415;19651;406668;83502;281679;16611;1591;13;18;13;202;177
187062254656817;311248946322323;0;21916;9552;1111;49347;391;41656;22212;418;3;0;1;0;7
1559901027613381;276957346358279;21678;78783;56142;647;318467;69334;224223;26962;1466;119;65;61;296;377
1559901027613381;1287322421408232;0;16197;8940;1228;51383;2141;60926;10120;124;3;2;0;3;4
1559901027613381;704641156568649;52404;77032;73938;24724;402364;49601;264437;15999;1807;27;32;13;164;281
1559901027613381;253934058637905;0;52375;25997;177;167436;25292;173876;31809;768;69;19;11;70;131
1559901027613381;422842921582942;0;58060;28821;181;165807;18787;180249;36312;621;62;21;12;80;83
1559901027613381;279681769317294;44600;63284;61126;181;411767;79461;223512;31903;1906;122;51;32;265;326
1559901027613381;1827822023932987;0;177629;110549;132;465376;343512;287131;53261;2775;202;312;71;654;395
1559901027613381;273146466664263;0;6381;1773;30;40139;1620;46536;5502;80;5;1;1;0;0
1559901027613381;344339003005785;0;17200;6605;793;57213;1310;65325;8054;70;3;0;0;0;34
187062254656817;517939398674685;0;18758;7792;1503;56378;4600;56625;11748;634;55;3;1;0;1
187062254656817;582507898870413;0;269289;198927;81822;328980;25656;99304;39241;2538;66;79;18;15;38
1559901027613381;1055795647915969;0;58111;34438;9939;189939;14594;187327;14872;647;31;11;58;15;10
187062254656817;328604204358567;0;21384;11524;2963;51124;1667;54369;13109;410;11;2;5;2;2
1559901027613381;175517296690129;0;67891;38804;8468;178271;16061;152627;18367;587;11;22;125;72;10
187062254656817;2193302810959305;0;37429;21869;6241;86462;3035;76216;15473;950;33;10;1;0;0
1559901027613381;752644408415641;0;24138;9589;45;109598;8937;126300;11008;881;282;10;11;5;0
1559901027613381;875623749301746;0;101072;63975;13448;362173;186543;295487;31614;2514;27;224;20;230;44
1559901027613381;244594079514842;0;11708;4911;545;52090;793;56160;11032;80;4;7;1;1;0
187062254656817;1652171048222456;0;9098;3080;495;24027;437;25982;9805;212;9;0;0;0;6
1559901027613381;292506378254498;0;40083;18266;3752;157128;7186;155347;11178;299;6;16;6;19;38
187062254656817;259666828083214;133788;737338;561013;237669;1357710;822702;132322;56802;16791;418;185;1771;143;1479
187062254656817;353069785440339;0;15300;7234;2431;38353;4024;38109;11635;209;5;4;14;8;1
1559901027613381;287118912129431;0;64978;42270;10228;224648;48326;228985;23378;952;10;21;48;220;139
187062254656817;263013751074595;0;14230;5510;1427;33573;704;35399;14606;260;4;0;2;0;1
1559901027613381;747180755623875;0;22097;10220;2223;160277;38081;135631;7266;936;80;7;2;0;107
1559901027613381;548743935574062;0;20152;8978;188;93651;5031;107284;12674;232;21;5;6;7;16
1559901027613381;1394398560693025;0;50349;29013;7296;178160;34024;153354;14107;645;12;6;8;10;145
187062254656817;242639346408009;0;4409;1669;352;14550;143;17023;8880;79;0;4;1;0;0
1559901027613381;1759734024154882;0;21068;8804;1773;105694;12623;109351;7621;305;12;5;17;1;8
1559901027613381;312115652950853;37106;140074;95902;10306;386127;62457;400554;22549;1098;24;8;144;9;41
187062254656817;681221178927798;0;19109;7377;1350;49566;9070;41283;16570;709;84;3;10;0;1
1559901027613381;175042450045673;0;87902;52239;13084;220252;42328;222772;22389;782;11;15;58;53;22
187062254656817;192385374991895;0;8595;4133;1245;24127;1936;28442;10867;177;2;1;0;0;3
1559901027613381;1864585370256305;0;126003;78662;37176;389374;179548;324706;24554;2346;12;54;25;206;163
187062254656817;540137396456710;0;8585;2921;538;20918;1602;20354;9256;154;6;3;0;1;1
1559901027613381;1837906406257127;36729;93691;89263;22888;387825;171355;238786;14200;2858;258;56;170;1117;315
187062254656817;718196315192739;0;10023;5302;1449;38588;2566;39531;9579;246;24;3;29;0;0
1559901027613381;2265018370385959;0;38250;23328;5385;141842;11772;159611;15877;519;8;6;14;63;13
1559901027613381;175482636696315;0;26196;12688;187;97441;5914;109658;16768;379;49;9;17;4;14
1559901027613381;469989796843638;0;98971;56851;21623;320501;155962;251755;24404;1951;18;84;15;163;212
1559901027613381;170700940540398;0;20797;11681;536;88517;5571;101029;15595;238;31;11;5;17;13
187062254656817;421347428398878;0;26212;12394;5416;79669;37282;48296;11950;1704;131;3;5;3;4
1559901027613381;702065646853084;0;16161;8649;1029;63738;2857;68494;8806;167;8;12;2;4;0
1559901027613381;335267843707102;0;31623;18861;2404;98740;2285;102954;12565;205;7;12;21;0;3
1559901027613381;2140332152885648;13180;74899;56340;17436;268530;72738;231418;30039;1729;19;42;27;229;139
1559901027613381;284991795683689;0;25343;11476;251;99647;7063;105882;22282;447;34;11;5;10;44
1559901027613381;1887402141309046;0;26005;11340;388;109754;7883;113660;27253;440;31;22;8;29;76
1559901027613381;2149603728408226;0;88786;52600;23461;269089;64830;285554;29100;1438;11;90;8;53;196
187062254656817;335251130541692;0;40866;25390;7873;79839;8178;56886;22097;537;5;5;10;21;5
1559901027613381;1871824136204519;0;69101;44106;11649;245914;31707;181460;12393;969;16;29;31;63;96
1559901027613381;247094189307566;0;61226;36659;354;179584;34306;177711;38911;735;55;46;37;71;74
187062254656817;257239808328271;0;29687;16269;6367;78017;4150;55609;20687;531;12;3;1;3;33
1559901027613381;344223389682012;56;134458;81958;29852;333909;97131;446511;17322;905;10;27;8;75;114
1559901027613381;1987944591251386;0;52036;28317;90;192617;54751;180975;42114;678;55;37;18;101;68
1559901027613381;252072972149948;0;75248;45572;865;221782;82976;208320;38234;1119;84;131;19;206;132
1559901027613381;2146577682223335;0;3411;917;71;21174;77;23489;3840;16;2;0;0;0;0
1559901027613381;1950507705014429;0;11680;4868;237;52513;7532;53254;9044;82;4;0;5;0;2
187062254656817;683911921994646;0;9803;4616;1839;29393;1040;28657;11425;154;7;3;0;0;8
1559901027613381;2303893859833731;0;1306764;928408;356561;2431270;2154639;490006;25772;18739;641;2066;2484;407;218
1559901027613381;2184482278506037;0;51910;25373;267;187547;51809;177318;29456;1196;124;67;15;13;79
1559901027613381;495210347622233;0;37344;17814;3705;141540;19937;119789;11764;574;44;1;1;3;105
187062254656817;2175351482712069;0;11327;5966;1171;31807;4521;33453;13817;216;4;6;0;2;3
1559901027613381;308801529949857;0;331450;241636;96684;697131;45477;327392;38770;4262;173;19;732;320;17
1559901027613381;317989152361678;0;10530;3722;487;38731;183;43335;9630;75;2;0;0;0;2
1559901027613381;330350527769088;22207;22380;22127;3654;235646;71772;155139;9209;843;13;8;6;239;495
1559901027613381;491475918033265;0;28367;14180;2109;124120;19522;119596;8481;618;99;19;18;2;0
1559901027613381;2126898080894981;0;13228;5967;1300;77864;3386;87487;9038;115;3;6;1;2;0
1559901027613381;341685129734576;0;18622;6917;1433;134368;23733;116603;8095;600;90;12;4;1;2
1559901027613381;265699384079356;0;24727;10641;1189;124768;26327;94987;7865;374;46;11;7;0;0
1559901027613381;2168021396852650;0;44755;20926;2017;187274;23179;171738;13637;916;50;26;6;5;6
1559901027613381;297969891025511;0;3687;1101;137;32938;464;38628;3469;43;7;0;0;0;0
1559901027613381;338894500203320;38404;47123;47391;3363;325515;130094;190281;10568;1191;22;8;18;879;631
1559901027613381;470528153443858;0;66620;35257;5912;268905;57885;205514;18180;1448;39;63;9;6;32
1559901027613381;616437025438182;0;528376;325927;151432;1638775;667726;417550;29961;46186;4897;649;111;32;17
1559901027613381;1941088686194429;0;170364;101243;37813;467026;284325;188014;15834;3008;39;348;34;282;511
1559901027613381;349420185633188;0;27153;15657;5444;153108;12098;113738;8318;540;78;30;0;0;1
1559901027613381;1763581727101881;0;62915;38790;3566;179524;16236;174107;22582;1036;102;41;12;1;4
1559901027613381;1036371846542479;0;301665;225423;64177;508030;72977;255364;44844;1568;42;43;238;148;59
1559901027613381;276629602982348;0;21988;12583;3655;83124;9138;92369;6135;282;12;56;8;8;0
1559901027613381;2267668883275229;0;161788;101198;26274;406032;153688;251899;19764;2641;76;67;135;49;111
187062254656817;246420262698035;0;9667;5132;336;23492;1113;22691;13540;173;0;1;8;1;0
1559901027613381;308977169931368;37106;140022;95878;10303;386127;62316;400536;22288;1112;35;10;109;10;57
1559901027613381;166196320980224;0;27816;15962;3286;128089;16216;140532;8279;406;50;7;33;37;5
1559901027613381;1370618869740802;0;21388;9915;116;95458;8103;106436;11784;272;19;5;28;22;1
1559901027613381;515218952222850;0;33120;17621;64;128556;18936;139611;15319;489;67;25;45;102;9
1559901027613381;1014330168748963;0;3285;1028;81;20791;121;21382;4321;25;0;0;0;0;0
1559901027613381;544461266019224;0;13113;7172;1116;55426;448;59135;11371;89;4;0;8;1;1
187062254656817;171486630401888;0;13645;5919;875;20305;3357;19708;13135;311;9;2;0;13;1
1559901027613381;1991256460957263;0;70838;44965;16778;240572;75342;235526;18926;1063;8;64;11;230;176
187062254656817;175845516668046;0;5894;2248;270;15660;1174;17066;11387;136;2;0;0;3;4
1559901027613381;158598648425499;0;27054;14128;2335;111012;12310;102497;10051;358;12;8;1;3;167
187062254656817;2722540931219348;0;6244;3472;1118;13403;543;14934;17998;158;2;4;2;3;0
1559901027613381;1997858423612012;0;17199;6541;292;96325;7273;92650;14215;262;15;6;1;7;37
187062254656817;1857083924388346;0;19346;9919;480;42793;7209;44472;39901;655;43;15;6;16;27
1559901027613381;484840878679657;0;5900;2406;463;45174;1745;46571;6204;83;3;1;3;0;0
1559901027613381;253385675367054;0;16612;7039;630;60338;3877;60227;7516;147;15;5;0;1;0
1559901027613381;274422356534459;0;347;347;347;24906;4889;25872;1498;175;32;0;1;0;0
1559901027613381;282680259015475;36653;95489;84187;21957;393306;89959;238345;19066;1447;10;103;14;250;238
1559901027613381;1913423898966277;72615;438799;423381;110970;1023282;112513;296408;25502;9474;554;51;1616;33;5
187062254656817;1531885030245087;0;3531;1258;288;10034;757;10842;11074;93;1;4;0;5;0
1559901027613381;337624763726445;0;109276;68386;19447;291782;57296;221823;20178;1297;63;16;284;64;16
187062254656817;2317294021632308;0;12853;7287;3369;30998;3551;28155;20397;271;5;3;2;8;5
1559901027613381;321408185337071;0;50603;32000;7983;149747;13674;161113;14006;516;4;17;3;42;40
1559901027613381;308977456361130;0;19216;6989;1357;76081;1729;70562;9849;171;7;3;1;0;0
1559901027613381;557332654690949;0;10034;4227;516;66455;4143;60573;4955;131;1;3;4;0;14
1559901027613381;175097346727895;141064;4599925;3535339;1565765;8824762;12506857;716346;65236;147929;11651;2966;2049;5883;1332
187062254656817;1912405175735814;0;3166004;2472129;936392;4953853;1393093;234763;52009;159248;14286;882;641;90;77
187062254656817;1552048664940967;0;5820;2946;540;16102;708;14446;13123;68;2;0;2;1;0
1559901027613381;174483890096144;0;50229;28619;3976;166108;51053;144833;10866;479;4;14;11;465;239
1559901027613381;1122024184640931;26882;56951;51156;12066;285153;56794;178642;16751;1365;25;15;3;84;131
1559901027613381;2102995793065089;0;18508;5554;724;96008;16329;82391;5659;493;104;3;0;1;52
1559901027613381;2089559471260701;0;12917;4181;141;65572;2923;67849;7188;404;152;2;7;0;1
1559901027613381;1923470867949203;21467;196554;135928;44494;443469;160547;220712;49634;2939;37;241;21;154;585
187062254656817;643214486073291;0;3907;1590;341;11606;792;13359;11576;131;2;4;15;2;2
1559901027613381;1166984120144892;0;10043;3720;490;47568;1603;48091;6075;108;7;4;0;0;2
1559901027613381;2181050082215990;0;14673;5480;881;69083;2218;71825;6448;74;2;6;2;17;8
187062254656817;324638798313282;0;10257;4572;463;23139;1106;27761;20402;329;45;1;1;3;3
1559901027613381;972648096255398;0;26903;8839;65;121903;17151;118691;10560;1130;569;15;22;8;1
1559901027613381;470553180120721;0;39548;20412;4557;155493;47544;132502;18581;1343;116;32;0;2;0
1559901027613381;244877052862520;0;7097;2449;299;49593;1224;48584;5091;69;4;1;3;0;0
1559901027613381;2250378148524102;0;7878;2333;407;35373;508;34405;7464;45;2;0;1;0;0
1559901027613381;1385523151578069;0;15350;5441;239;62897;20096;52483;10919;464;74;15;0;0;0
1559901027613381;339900323447652;56;134397;81919;29836;333083;96995;446483;17343;918;6;29;5;105;204
1559901027613381;524218441338033;73818;2962557;2542866;922885;4069434;1373406;421903;39033;36834;3690;704;630;112;100
1559901027613381;984137528439246;0;28565;8858;14;130483;24938;134113;10593;1394;492;13;35;26;2
1559901027613381;2237336869869790;652927;780664;953008;201656;3365838;2537132;1086676;36735;3108;40;59;25;349;264
1559901027613381;295133417754436;156115;5381000;4069360;2164264;10177984;13257684;995125;52968;34258;2955;401;948;1313;153
1559901027613381;1016653955161729;0;28635;14825;1928;119712;10499;121072;16038;358;7;5;27;32;29
1559901027613381;2426630990710355;0;6214;2359;86;15955;460;14508;8043;31;2;0;0;1;3
1559901027613381;638563116545528;0;8771;2853;33;43949;2261;48487;10847;107;27;7;14;16;8
1559901027613381;732754780399535;0;25676;14773;1822;129710;12541;131765;11029;576;63;7;10;3;37
1559901027613381;488721044963229;0;23683;15016;2484;76186;3544;83792;10952;236;34;6;59;2;1
1559901027613381;272675366712872;0;22612;11767;1392;77504;9254;77012;7706;326;35;1;9;0;1
1559901027613381;291655604989549;0;55039;33771;7597;161671;19239;154261;28618;1289;63;7;25;18;70
1559901027613381;2184312988493920;0;20596;8473;1636;94340;12950;97061;11875;380;30;7;0;2;0
1559901027613381;481448795666718;0;36424;19852;1269;133055;11605;128529;13634;714;60;8;4;0;129
1559901027613381;2236641256606018;105402;1586671;1021177;224177;3197526;5722800;672015;19214;4509;47;459;248;64;217
1559901027613381;2122542894740350;0;4863;1682;93;21772;337;22189;8545;35;2;1;0;0;3
1559901027613381;2161912980738759;18414;43793;39169;8368;207381;30333;134665;12746;1840;140;26;73;7;0
1559901027613381;923184547874856;0;49869;31573;1955;120529;5896;140072;20284;394;11;17;18;64;145
1559901027613381;1727036590757107;0;5930;2747;508;34689;200;39004;5762;44;1;2;5;1;2
187062254656817;504638356677433;0;14162;9522;2332;32780;3077;37938;22848;325;10;8;18;7;3
1559901027613381;552560195174192;0;30404;16333;2772;134869;14309;120452;11960;836;85;16;3;1;1
1559901027613381;294526977815080;156115;5379059;4068356;2163889;10177984;13250225;994758;52964;96912;5484;1514;6531;4398;524
1559901027613381;679971219052535;0;37520;26139;4833;95025;5004;97926;19529;349;15;14;3;4;0
1559901027613381;482664362254107;0;15975;9225;2087;68781;2319;73570;12089;162;12;4;20;3;1
1559901027613381;2303653656531324;20633;17565;13263;1539;156139;45571;92074;5841;589;7;12;7;80;876
1559901027613381;1010276399159878;0;15918;10480;2652;56526;2100;58421;9916;107;2;10;2;2;21
1559901027613381;2302421969786378;13246;33418;19283;31;206101;47027;144756;13797;2266;885;26;19;10;9
187062254656817;2248766578684690;0;6778;4145;491;15835;2843;15650;21350;179;0;4;1;6;8
1559901027613381;254108601963093;0;51450;36646;7872;156485;7077;176176;17118;627;61;31;17;6;8
187062254656817;313146322797750;0;12873;6526;1593;32929;742;38979;11817;294;13;3;0;0;1
1559901027613381;252522085606118;13331;59276;45158;7503;209864;76133;127015;21912;1231;22;65;22;34;72
187062254656817;383949492144420;0;12790;7115;1888;36741;1555;35754;16251;334;1;2;6;2;7
1559901027613381;148625172752764;17453;83254;57555;8158;417018;344854;144622;17680;3518;122;160;50;574;392
1559901027613381;563439254084733;0;21047;9707;88;81770;59536;55351;31429;672;87;10;7;2;27
187062254656817;277593049746233;0;16750;7862;2630;50542;17512;47845;9842;1156;68;14;0;0;0
1559901027613381;560320777758933;51848;169487;119166;12728;794665;681219;220925;8922;5952;179;75;59;1597;8327
1559901027613381;1316474475159213;0;15448;4900;80;66486;1842;74450;11144;171;34;4;132;41;1
187062254656817;1282418438566627;0;4192;2451;317;12132;1021;13083;10829;169;4;2;1;14;0
1559901027613381;672484749811598;0;8954;3144;447;46969;1473;51939;7542;91;10;2;5;0;0
187062254656817;1444858205647427;643299;12777;239450;52618;1769397;30917;122359;4240;5667;465;34;52;9;14
1559901027613381;946988152153637;0;24477;14496;3972;78658;4628;86148;13124;192;4;1;13;27;37
1559901027613381;2231857480417729;58241;18814;34436;8913;203854;10673;109708;7493;103;3;0;0;3;83
1559901027613381;262383594411625;23370;41937;35828;10319;235620;92223;136147;10537;1207;42;28;7;12;2019
1559901027613381;241899256493746;11983;85640;72059;8170;319588;80906;160884;25759;1625;26;66;113;78;47
1559901027613381;2231850963751714;36392;91502;69825;10504;291061;96529;254787;10368;674;13;32;4;239;1006
1559901027613381;466036433909040;0;41996;18908;33;195877;61399;175541;13937;3196;1312;45;28;28;5
1559901027613381;162810151289642;4401;29659;12939;1782;139838;26323;125117;11487;1023;96;52;6;1;1
1559901027613381;863233107203446;0;39830;22428;5380;112552;11181;104251;26269;801;48;10;11;1;1
1559901027613381;550185482069763;0;3814;1354;215;17281;483;19045;8036;24;0;0;0;0;0
1559901027613381;145786033036903;0;21343;8986;104;92816;7661;94927;20819;261;19;8;1;2;0
1559901027613381;162327331360896;6203;9233;7852;1375;81639;8144;56521;8723;378;57;2;0;1;11
1559901027613381;2136561453252571;0;43779;22971;241;132596;23088;134401;19490;1582;611;28;111;37;3
1559901027613381;2231176343819176;83375;112858;100271;36526;576055;168764;455668;11684;222;9;1;1;1;26
1559901027613381;2219019931504036;0;11572;4436;214;49350;1427;55372;19080;62;9;4;24;9;0
1559901027613381;2189616787779520;0;62956;30294;454;225127;48275;232222;38260;1067;641;95;512;3196;98
1559901027613381;375463546325590;0;10248;5189;1082;35560;2591;35788;12282;125;2;1;2;6;9
1559901027613381;1724541854341800;0;6673;2689;28;43801;1052;50212;16146;93;12;2;4;7;5
1559901027613381;302721900544972;0;15888;5909;22;70894;4043;80140;13648;294;71;5;6;34;7
1559901027613381;2076454779350685;0;104513;75036;19385;369262;166978;199584;16527;4371;387;175;40;27;7
1559901027613381;338302823582365;0;19612;7299;23;81201;11281;82343;12936;751;353;10;12;4;3
1559901027613381;172681226956384;0;18424;7676;540;60122;2270;67989;15026;304;53;4;5;1;0
1559901027613381;2151809794853361;0;9803;5043;545;43579;6531;43016;8145;77;1;1;10;1;5
1559901027613381;1954625224585596;0;14484;5205;122;60215;2749;67299;9889;187;15;0;8;10;0
1559901027613381;890761604447704;0;11427;5690;911;39050;11497;38804;12215;272;31;3;6;0;0
1559901027613381;273468009963601;0;4438;1800;179;23610;227;26461;8921;32;1;0;1;0;5
1559901027613381;301926803736689;0;18821;8976;1022;51584;2132;54174;11312;137;14;4;1;14;25
1559901027613381;2230029520600525;118020;37768;71817;4185;646346;62986;245744;8486;246;15;2;5;3;4
1559901027613381;281683685998343;0;114857;85062;20748;208926;10280;134275;27543;539;20;42;186;23;13
1559901027613381;1551374651630841;0;80339;56598;12717;193994;54281;143104;20688;1483;114;33;49;13;7
1559901027613381;2189692437936122;0;105339;84525;20303;235093;36395;139306;27426;1206;28;88;6;1;2
1559901027613381;344224889481959;0;35578;17477;90;123819;18656;134476;22973;1314;414;15;21;43;6
1559901027613381;263781670939346;0;21994;11374;2410;70417;6655;75941;17058;196;6;3;1;17;24
1559901027613381;169298240624200;0;89889;47617;308;313050;182630;241859;32530;6053;3964;80;87;87;17
1559901027613381;2135848590076661;0;54467;24768;442;216718;50203;218362;45365;1426;733;123;459;1233;101
1559901027613381;231317357741782;0;30361;19489;2469;106851;12741;113858;13185;346;12;12;168;21;11
1559901027613381;2158787087725750;0;18443;9028;1374;69266;2263;75451;9026;115;2;7;0;26;65
1559901027613381;2172199562995828;0;30034;15484;1944;109707;10322;105045;10506;480;23;22;2;3;0
1559901027613381;307517026499007;0;23551;9305;58;91497;17461;93616;18198;1048;426;21;13;9;0
1559901027613381;310268039565585;0;35860;15717;61;133905;30124;130734;22878;1309;1084;18;25;106;11
1559901027613381;272102649954544;0;9650;4737;1111;45217;301;50550;11325;50;2;1;3;0;0
1559901027613381;2227087054180196;0;52485;32831;6337;166594;12625;160741;15899;751;26;47;5;3;4
1559901027613381;312337536218899;26295;54666;42738;8430;207016;13393;178407;15476;902;20;23;70;29;179
1559901027613381;1000900933423419;23905;38075;32691;10154;271234;88862;199224;17700;2670;395;50;9;2;9
1559901027613381;2167004830208283;0;13883;5874;900;55876;935;61768;13837;110;3;5;1;0;3
1559901027613381;247112596000250;0;14257;4297;501;77508;15946;76001;4705;331;3;14;3;0;21
1559901027613381;521433324982257;0;20379;10508;2832;81575;1577;88314;12789;140;1;3;3;2;0
1559901027613381;2038070669856924;0;14863;6894;333;62944;5828;70526;11878;161;5;3;2;18;57
1559901027613381;1897498990546148;0;7428;3338;554;37868;573;41654;10097;74;1;2;4;0;0
1559901027613381;1813861825316235;0;35058;24840;4029;124596;18340;123134;12043;264;4;59;18;16;44
1559901027613381;741144422892052;0;9608;2678;15;44207;1942;50915;8417;190;32;3;2;0;0
1559901027613381;384656092074170;0;11648;5771;986;53833;5276;55561;7408;95;4;3;28;8;1
1559901027613381;2163604687243363;0;10895;3394;32;48474;1281;55860;12541;127;16;12;15;7;2
1559901027613381;1027330320784334;44762;27476;42957;1784;248525;40826;153895;18515;1446;38;40;29;181;16
1559901027613381;1281560471983964;0;4186;1446;254;24450;187;27054;7728;40;0;1;3;0;0
1559901027613381;277553153078769;0;12536;4296;13;54183;2075;62878;8796;279;71;4;2;3;1
1559901027613381;464062414086113;0;9122;3585;516;41595;641;45513;8857;65;1;0;0;6;0
1559901027613381;259714881347438;21991;39875;37354;9613;208559;15604;169084;15958;791;127;12;9;107;19
1559901027613381;266249094231178;0;20935;10588;1770;105657;7761;115415;8954;304;20;7;30;98;9
1559901027613381;265703124062488;37232;33513;41476;4247;191943;23889;111715;13306;467;14;10;0;54;285
1559901027613381;2283687924993465;0;4701;2098;261;33403;2082;35992;6966;52;5;1;0;0;1
1559901027613381;1989098621146242;0;12992;3996;84;60318;2913;68717;10419;142;19;3;2;8;0
1559901027613381;367030077169968;0;11106;4295;41;54708;1988;60784;9869;259;35;5;2;0;1
1559901027613381;675568109489674;0;21022;11396;2352;78964;1543;82380;15237;206;4;3;20;3;2
1559901027613381;538837839897821;25957;28876;27853;4426;210131;56870;166294;10272;1662;203;27;8;4;20
1559901027613381;1856848127742149;0;37110;26450;4157;129315;11821;137631;18246;192;5;10;2;55;70
1559901027613381;328596277946458;0;11348;4436;760;68504;2537;70624;9120;113;2;10;1;4;3
1559901027613381;2194227757520103;0;3062;1050;101;26604;141;30494;3745;29;3;3;0;0;1
1559901027613381;709684959383180;0;11353;5343;685;60223;2028;66694;5597;84;1;8;32;0;5
1559901027613381;686485085052919;0;6408;2575;172;31668;1566;34535;7149;52;0;3;0;0;4
1559901027613381;437717643419459;0;3646;1395;189;25476;418;27889;5214;29;0;2;0;0;1
1559901027613381;540759513017136;0;34297;23180;2918;116846;17111;119407;12873;262;4;47;2;37;60
1559901027613381;474704276367873;0;18952;10557;2417;69280;6410;67909;10660;171;0;8;16;13;2
1559901027613381;296630681066772;29351;37458;41188;7425;195470;31728;116656;16021;1898;144;38;7;5;4
1559901027613381;943803839140260;58098;70905;77140;14227;483978;111378;256911;12351;4077;599;94;45;225;21
1559901027613381;233344677534169;0;43938;27542;6968;147900;14667;160942;16376;1287;186;52;36;7;3
1559901027613381;546043892491019;0;4179;1362;184;33870;793;37813;4523;34;1;0;2;0;0
1559901027613381;473122916507435;0;47542;22705;3810;196314;109820;145037;10035;1100;11;19;5;400;984
1559901027613381;596115717472528;0;25520;13841;1724;108976;17863;111369;9744;532;11;9;3;109;109
1559901027613381;336388206935262;56158;15139;41683;4042;219677;37619;100412;10170;961;24;12;6;102;680
1559901027613381;310654489744361;0;26982;13060;33;111111;24185;113476;16601;1003;278;12;7;2;0
1559901027613381;468167400368676;0;27763;13205;2025;113591;35300;98063;8920;426;33;2;1;0;1
1559901027613381;2197122903836609;0;10536;4675;0;49829;10346;52329;15167;513;287;7;5;103;97
1559901027613381;538424309921085;0;72904;48577;18154;295015;116542;230849;15360;1813;98;40;7;50;671
1559901027613381;257126718273707;0;18808;7432;1025;89042;18237;78179;7044;420;38;28;3;0;1
1559901027613381;792326714492292;0;2123;782;95;19475;136;23196;4545;13;0;0;0;0;0
1559901027613381;747481955591383;0;21600;11526;3365;106671;6593;113832;11217;311;16;31;3;0;2
1559901027613381;316083875868660;0;8753;2788;180;36947;4144;39233;6978;74;1;0;0;0;19
1559901027613381;259882724664808;0;51921;28766;9012;226021;201521;126064;10711;1988;146;28;7;5;0
1559901027613381;1900876883339582;13257;46786;30036;4665;220269;55126;159269;10656;749;33;25;15;309;388
1559901027613381;668822546838094;0;4730;1734;98;18447;772;19577;6769;48;1;0;0;0;0
1559901027613381;291687268296193;38164;37181;32253;5349;358466;88947;155770;8098;3111;154;20;22;45;485
1559901027613381;700595700297974;0;9553;3587;258;65011;7450;67250;5609;118;1;1;6;8;79
1559901027613381;246375039402863;0;8440;3950;366;43528;856;45679;8667;88;1;1;1;2;8
1559901027613381;275599379945845;47548;111127;81022;21266;403384;172164;198345;13217;4026;453;60;9;5;804
1559901027613381;685350181827551;0;19200;10228;1542;108142;16514;106197;6875;659;60;3;12;4;75
1559901027613381;279368606121383;0;18060;8564;2106;81790;6025;87022;10022;177;1;8;0;4;12
1559901027613381;996643393877217;189939;83189;157662;25281;722183;235641;263518;14163;2857;53;50;41;1993;870
1559901027613381;530595420725356;27762;37524;38263;4273;209184;36005;179978;21937;1009;11;24;12;109;440
1559901027613381;298293847634317;0;52951;31542;4726;177098;25070;190131;23076;1024;104;12;7;6;154
1559901027613381;266077390692776;7814;48709;25942;6019;226352;81520;168018;9127;1453;43;31;7;265;272
1559901027613381;1229548210542598;0;40163;30422;6952;128897;27055;129442;15792;456;41;19;271;108;21
1559901027613381;662430847462183;0;9059;5031;1329;38606;554;42350;11478;105;4;0;0;1;0
1559901027613381;534805303635147;0;31608;10685;80;139954;30387;146491;13583;1554;755;21;18;22;4
1559901027613381;2203911763222947;0;14791;9046;496;52112;1004;58570;9671;67;1;4;4;12;7
1559901027613381;2079764812338031;0;6265;2484;255;31492;434;37813;5241;47;1;3;0;0;21
1559901027613381;319399638812868;0;22198;13043;2322;86908;6166;88831;10254;377;33;17;22;7;6
1559901027613381;326849714756095;0;21118;12787;2955;81500;8805;88020;11386;269;4;7;3;41;14
1559901027613381;1248699585273322;91038;51543;92069;10155;458178;114743;154026;21185;2000;32;15;25;316;286
1559901027613381;229329101097102;0;50802;31399;9044;139199;8668;142537;17884;784;34;43;17;10;5
1559901027613381;881620925561589;0;11299;5134;576;40465;1701;45381;7775;84;0;0;0;9;29
1559901027613381;281529016002623;0;6556;2793;588;32608;371;37961;7201;60;2;4;1;0;1
1559901027613381;185592305583767;118063;84050;105024;14886;539709;225001;244713;13192;10030;1143;43;52;25;669
1559901027613381;548948795536917;0;22920;11185;1329;121364;53805;94633;6026;1042;126;34;85;0;17
1559901027613381;1709120582547254;0;17192;9781;1383;81120;1844;90022;15623;172;20;5;3;3;13
1559901027613381;2136800819868331;0;2484;905;243;20795;364;24300;3349;45;3;0;0;0;0
1559901027613381;227482828116850;0;16444;6993;532;69029;3159;76793;9836;117;4;3;2;0;5
1559901027613381;2032523907078282;0;7010;2684;187;24851;310;27963;9045;46;0;1;0;0;10
1559901027613381;497476857401891;0;2697;966;142;26534;262;32602;3805;38;2;0;0;0;0
1559901027613381;300843787167189;0;29557;17317;2558;85148;2183;94192;15869;197;8;5;84;54;10
1559901027613381;718909731784165;0;65789;40479;9118;240936;102711;197723;12060;1331;19;40;32;273;254
1559901027613381;1179334168883576;0;32553;17885;3803;173060;57389;154874;9805;637;7;20;113;265;16
1559901027613381;1002774386587464;0;30515;14260;3167;124281;16161;117912;11676;399;4;2;5;56;131
1559901027613381;1908763732750675;0;6766;3369;292;49531;2175;53577;9208;95;7;1;1;15;39
1559901027613381;2171077856485270;17714;9720;11822;1722;102766;6239;80249;7183;298;7;4;4;61;157
1559901027613381;548210045613557;0;28940;16685;2641;123267;7041;129495;10309;243;10;4;57;2;1
1559901027613381;305603983504460;0;14359;6925;981;73709;1779;83192;7924;126;5;2;1;3;22
1559901027613381;289980685167100;65223;22706;38395;4358;295060;45348;122363;8655;828;18;3;13;119;466
1559901027613381;245000296205493;21061;26323;24149;3588;199712;38003;116922;11098;743;16;11;17;139;207
1559901027613381;2090604191009856;0;41993;16948;2849;126713;5010;136250;11858;238;9;8;34;7;8
1559901027613381;2268301513402538;68673;35361;49985;7502;366071;39313;186653;9608;895;33;18;22;614;244
1559901027613381;907343329450880;0;13416;6228;915;58636;2995;65698;11454;143;3;3;4;3;1
1559901027613381;289206545243290;30972;20599;28580;3894;217075;7806;88671;14986;861;33;8;19;9;21
1559901027613381;208411849872899;42748;25352;29519;4850;228045;23589;135114;12298;905;24;10;109;27;142
1559901027613381;287878101814569;0;6911;2952;561;34715;547;39412;10273;83;2;0;1;1;0
1559901027613381;245001829540462;10327;10744;11474;1684;65044;1714;52563;9513;108;4;2;0;1;9
1559901027613381;245759679416164;0;39912;22943;8091;150683;4272;151613;17908;424;17;1;69;4;1
1559901027613381;1125364537626280;85894;64090;83733;28631;530072;90928;310350;21780;3212;51;32;94;41;147
1559901027613381;911562535708481;45277;19740;33248;9256;211351;22423;92809;13184;857;31;13;4;7;2
1559901027613381;264827471041604;8732;19006;13283;2372;133923;14625;88727;12228;613;4;10;8;46;92
1559901027613381;2022206594496732;105992;119466;103616;16922;697841;304184;255518;9190;9996;2465;70;13;10;401
1559901027613381;862044110665997;0;40396;27857;4670;158694;41023;147714;9931;662;16;14;11;84;600
1559901027613381;2083240495259400;0;26149;12770;2126;113929;8342;117923;9066;205;1;28;1;0;126
1559901027613381;320356998542193;0;8822;4309;1155;34442;2593;38119;7040;90;2;2;8;0;1
1559901027613381;279418959340658;0;10304;3902;501;78875;2153;91616;5057;92;6;1;0;31;42
1559901027613381;264997564345233;4718;41258;22696;72;204858;71166;164819;22133;2264;565;47;26;61;17
1559901027613381;305229506725268;0;8393;3310;305;46946;586;52758;6893;45;0;1;1;1;0
1559901027613381;2236978016534339;0;14622;5381;23;89377;5160;100432;8770;190;18;4;9;16;2
1559901027613381;658036901245253;79494;32749;70786;16249;378846;55971;195918;9924;2263;336;28;78;63;14
1559901027613381;230276090999413;0;22392;10601;1219;129592;33242;125337;5657;384;11;3;2;412;173
1559901027613381;702479760137863;17894;81440;58850;10196;331875;226950;144352;29441;2615;155;118;197;299;66
1559901027613381;455022448327121;0;17649;8710;1288;94994;4328;104926;12165;197;17;5;4;7;1
1559901027613381;545269759237229;0;13338;6458;722;50397;733;58380;8737;68;9;0;1;0;12
1559901027613381;1866775600057912;0;23347;11167;2082;102559;4215;106114;9298;325;49;26;1;0;2
1559901027613381;907910592727390;0;11228;5416;356;51248;514;59965;8317;76;2;2;1;9;7
1559901027613381;314232969344085;0;27134;10792;34;136054;23854;143165;10164;831;202;16;20;2;4
1559901027613381;550166518749386;116938;37340;76966;16537;407723;56164;199766;11299;2547;176;23;16;62;435
1559901027613381;968936456641642;10529;12900;11595;2854;80364;4915;66710;8981;189;3;15;40;5;4
1559901027613381;325266711354545;60307;34345;55348;8283;294254;67725;116175;10320;2865;53;29;15;138;339
1559901027613381;915011142033242;28080;14931;21477;2651;226480;9384;93299;7007;330;10;11;5;42;45
1559901027613381;675405906157338;71042;44806;60064;13408;296779;100224;174984;9881;1648;27;29;26;584;1109
1559901027613381;2077713555890723;0;30936;15967;4535;146197;19293;146489;14705;581;49;55;5;1;1
1559901027613381;394596124405960;0;28408;15935;2190;141601;42629;114298;8132;1486;394;10;0;3;154
1559901027613381;223274691876326;29747;12066;20362;2670;231483;7447;81972;7906;804;27;10;12;5;132
1559901027613381;330328431049658;0;19284;10091;1501;92188;5248;96905;8778;238;18;3;5;2;1
1559901027613381;292052178054176;12865;17873;15980;4021;142412;7720;110826;8512;337;47;7;10;5;3
1559901027613381;263638907605175;5982;21015;13294;4024;94641;19724;81791;14377;207;5;9;10;11;18
1559901027613381;281288542480025;32880;30090;30556;8644;272589;39895;147588;10042;1171;44;13;35;10;5
1559901027613381;520887568382737;92498;26555;51566;8768;386181;39634;197869;8724;1349;29;20;15;321;431
1559901027613381;718065478546445;0;3700;1404;361;33587;732;39142;3405;76;5;1;0;0;0
1559901027613381;2296731527221694;94145;111316;161061;50703;546040;175122;345110;19813;2404;58;166;360;722;174
1559901027613381;476123782870438;74716;41566;66299;12815;472803;155398;222337;9328;3107;47;51;35;989;866
1559901027613381;489917168195328;49551;24016;31864;7205;212971;22442;145821;10504;798;8;10;11;57;299
1559901027613381;218979515638302;91312;101269;132644;28075;515223;127008;283710;16798;2811;164;45;466;129;20
1559901027613381;1075560872602342;14027;18141;18179;2796;138747;13110;114767;9176;414;71;12;17;28;11
1559901027613381;1657782027667243;24924;14315;29512;3239;147093;13408;70635;14980;272;18;9;55;177;13
1559901027613381;1190733271080526;77346;39583;56552;8937;320452;84467;237697;9401;1342;16;13;12;673;770
1559901027613381;233222397366626;0;58968;29939;6641;254662;85541;203124;11570;2766;216;98;10;1;6
1559901027613381;295026534609896;54510;13800;32568;3411;198538;12861;51223;10025;605;87;12;42;4;2
1559901027613381;1813363802104055;39027;64137;77777;12159;266946;49759;166153;15525;1033;57;121;20;2;3
1559901027613381;2193758737574497;0;4775;1555;122;29602;75;33974;5057;34;0;3;1;0;0
1559901027613381;247768142444296;0;71030;32425;5540;239717;114820;187566;11034;1060;24;34;26;835;450
1559901027613381;2215746815362129;50405;26159;31283;2220;197652;20971;142745;10085;128;3;1;0;17;64
1559901027613381;1117462681739558;27314;80415;62251;8949;377481;190755;243689;11705;2535;29;45;30;951;458
1559901027613381;2659224304301678;0;101146;66986;19630;377638;187525;287757;15593;1693;59;21;129;935;45
1559901027613381;235654937090618;0;27119;13953;1272;147060;57900;129347;10075;1468;35;7;11;91;387
1559901027613381;248738235785664;0;11619;5624;685;65536;3673;74257;6509;97;1;5;10;34;9
1559901027613381;483123658869096;0;33970;17036;3759;163725;30291;168835;11702;628;12;15;7;80;253
1559901027613381;463866037453342;44932;37938;34675;3183;248300;47429;157441;9938;1915;183;15;26;38;378
1559901027613381;697038390664140;0;11810;4900;517;64491;3951;69138;14475;143;5;6;2;4;9
1559901027613381;855346871337011;0;23171;11689;2045;118656;4581;125308;9977;200;7;7;138;18;4
1559901027613381;456242641552337;35237;53842;53827;15606;339031;124612;181252;11398;1288;28;39;13;155;295
1559901027613381;1797235627061940;0;7269;3489;741;43846;2581;47692;6554;79;3;3;0;0;0
1559901027613381;317448035468467;0;21716;9510;1367;80826;1485;90905;8693;102;2;5;7;26;5
1559901027613381;2127111090689727;131827;67762;97663;21580;668763;275199;279686;7930;7914;514;42;44;51;1341
1559901027613381;1923891521245057;36654;20340;26147;4662;183854;32764;133829;8371;691;9;12;6;168;514
1559901027613381;1399709976830789;0;25935;9662;1714;99077;14748;102090;11818;431;15;2;9;32;48
1559901027613381;328994184326822;0;13069;5910;732;78468;856;84817;10631;146;7;1;1;12;3
1559901027613381;2214508908819253;344111;2446092;1812132;523110;6161042;7895478;1342268;34659;1786;132;26;9;17;218
1559901027613381;702073273486184;22393;14943;23066;2217;110062;1340;66439;13412;140;2;3;21;14;3
1559901027613381;241977733187069;0;5719;2327;286;24427;262;26010;7682;69;8;0;1;0;0
1559901027613381;303588200223869;34144;25585;33355;7081;271891;21219;127484;9105;602;11;4;9;104;170
1559901027613381;238133936897794;7276;6792;6130;577;64936;2001;50371;6633;166;24;1;1;0;0
1559901027613381;316422005817473;6705;27942;17328;2903;142490;32476;113164;8929;310;6;8;6;71;99
1559901027613381;325688851512368;366562;321979;363240;96622;2235142;1583079;550251;18215;28112;2462;495;157;1195;3215
1559901027613381;314834575935656;52604;17535;26309;4532;231809;50527;193879;5958;1031;13;13;34;269;714
1559901027613381;2213879305548880;482721;1283873;1004136;148821;7035397;7710893;760882;15314;1145;6;20;8;276;753
1559901027613381;2191624401082448;13207;14931;12689;2597;119301;5175;95671;8520;227;7;4;28;11;2
1559901027613381;236578480337226;104029;40155;67479;19201;650065;247768;273742;7586;5168;68;28;58;523;1697
1559901027613381;489739448156171;7645;25488;19009;4402;140614;11137;153887;10187;350;14;9;8;56;38
1559901027613381;288215821768467;101227;32748;56522;3304;623458;50608;233232;13252;2298;95;20;4;12;257
1559901027613381;228760844460731;0;26957;13003;1866;128611;44098;130997;7878;490;39;5;66;2;1
1559901027613381;244065396257707;8899;31922;22932;3951;224347;45498;218118;9165;713;25;26;132;109;42
1559901027613381;1687793881321813;20511;60064;38825;8415;346717;111740;290565;10426;3481;388;49;13;16;12
1559901027613381;1819516024823062;0;16981;7173;1359;109764;6543;127935;6751;157;1;7;0;2;44
1559901027613381;714692638882025;28672;40238;32691;3349;279261;78349;274385;11257;484;6;3;5;38;140
1559901027613381;533289053774557;36688;29221;34725;5373;261523;53308;247184;10158;1164;25;13;6;98;611
1559901027613381;512129809227644;0;31914;16801;1840;155570;17196;190947;9459;263;15;11;14;129;27
1559901027613381;466721080403708;0;34800;17720;4797;178274;9043;220191;10319;304;14;4;96;3;47
1559901027613381;492989074502927;0;10719;2778;73;60577;915;77607;5017;133;11;0;0;0;0
1559901027613381;328076081268324;66451;47633;54544;11134;448913;123732;297146;8620;1184;39;20;33;1243;263
1559901027613381;283307989166623;106503;129738;134883;33159;835209;566178;395878;21041;3526;76;58;51;2067;4386
1559901027613381;312192129542469;0;15944;9570;2494;81010;6117;96432;9458;238;4;10;4;1;0
1559901027613381;872150706306857;0;18534;9474;1388;144965;7955;176687;7475;256;3;12;1;3;70
1559901027613381;1004368429763534;75945;35911;42600;6345;427923;119844;278579;9290;5060;83;15;25;376;1433
1559901027613381;1814036748730066;0;15640;7397;3123;91150;3222;111588;6388;144;2;17;3;0;31
1559901027613381;2231687837077487;0;23470;8323;101;163330;20786;176525;10319;839;173;6;19;1;1
1559901027613381;240110986698439;0;16892;4556;75;119249;12852;133111;11330;235;32;2;8;5;2
1559901027613381;2379802662037682;0;23355;11529;1601;123334;5958;147326;9517;340;24;2;8;0;1
1559901027613381;254275638544131;15477;28706;22473;6970;262656;75560;186656;11360;2160;60;18;11;10;64
1559901027613381;447635768978480;0;20718;12682;455;124303;7476;107153;38594;234;34;1;9;3;0
1559901027613381;559371154481011;0;27683;17477;2704;114473;3992;136122;11277;230;7;8;27;2;0
1559901027613381;306307233251265;0;7736;4315;491;57060;940;69495;6710;68;3;5;18;3;1
1559901027613381;241591946555824;0;33608;20357;3194;154468;6268;180860;9737;263;4;11;0;2;59
1559901027613381;1917345205225771;0;51905;30901;8525;222263;21169;238360;12747;1593;161;64;51;6;5
1559901027613381;488744981592258;0;20076;10974;1786;110677;2096;132265;9168;175;7;1;8;2;5
1559901027613381;908089319384703;24796;31092;27266;4605;186431;23412;126995;15474;916;38;33;25;2;6
1559901027613381;268691970621113;0;9974;4923;770;44135;726;53886;7851;93;5;0;2;0;0
1559901027613381;263352940949686;190273;772209;729394;207317;2939558;1330294;680529;30840;29763;4078;710;270;61;36
1559901027613381;1721345281327225;0;24314;11826;1494;103764;15214;115988;7570;257;3;25;3;1;199
1559901027613381;2206102046326606;84466;100432;76754;26284;1047175;354229;491896;8570;12670;1894;114;15;5;19
1559901027613381;260208538151653;0;25942;13409;3540;173787;17940;189375;10644;507;21;15;5;4;1
1559901027613381;313827019164747;41978;30656;35760;6013;355538;70681;260371;7459;2269;76;18;20;127;165
1559901027613381;284508682344982;70799;40705;55878;9776;480487;71439;189254;9482;2943;211;16;10;5;255
1559901027613381;572737056475046;0;75838;43988;10791;331802;143234;331341;12807;2107;93;71;23;596;416
1559901027613381;304225830126561;0;44916;20225;5206;217555;41750;219957;7803;911;25;10;7;3;452
1559901027613381;227441074541047;0;40901;21047;5099;269277;41131;235209;11428;1609;160;22;10;0;0
1559901027613381;1204635979676875;42347;45857;38568;8602;332226;107123;238465;8563;1252;18;16;7;655;693
1559901027613381;296906717531673;0;27796;14314;3002;200793;41275;211185;7061;886;59;10;5;6;292
1559901027613381;232462284125079;30273;28156;26100;4491;281561;64786;185745;7938;1415;54;10;6;130;620
1559901027613381;855090551545618;26009;114072;87666;20571;486247;193674;248644;29331;4534;275;63;19;34;126
1559901027613381;861244810931398;113557;357694;339173;117808;2062671;944963;805207;40548;19486;2839;413;161;73;40
1559901027613381;231958334178046;24927;43070;33465;6539;335117;82636;308068;7349;948;57;18;456;468;21
1559901027613381;312373786006352;0;8190;3062;220;48434;324;60915;11713;52;1;1;0;0;13
1559901027613381;244794929695158;13173;16629;19380;4566;118046;4131;98478;9002;385;14;12;8;5;1
1559901027613381;249678229206933;0;11321;4528;225;57718;1610;73525;6473;99;6;0;1;0;8
1559901027613381;712181615798251;38121;21023;27158;5657;230959;23533;186357;10253;1876;119;18;26;0;4
1559901027613381;2188220928080261;61178;95189;98805;32795;485614;39218;303893;31658;1685;69;20;78;20;10
1559901027613381;2202766179993526;88926;575653;410052;101233;2947250;1452059;1036610;34557;7617;1064;131;74;8;5
1559901027613381;869671549894695;96704;466111;308497;92164;1962201;1890139;529377;16949;40958;4639;666;129;32;20
1559901027613381;2202189793392625;33931;71361;57274;7269;399475;265667;191689;19742;4458;137;72;436;512;224
1559901027613381;305845033507808;0;15088;5257;311;87487;9623;91750;6902;307;20;0;1;2;51
1559901027613381;675748019459845;32174;75057;72090;12235;491797;260804;420406;18465;3762;198;73;94;842;903
1559901027613381;2201766446760166;10222;29550;14410;1891;192287;46787;203795;6414;384;54;2;11;1;26
1559901027613381;569229820160721;6526;23740;19548;2158;100217;5853;98155;12757;337;5;8;60;6;0
1559901027613381;297425550838118;11361;15149;12242;1895;186957;12318;133366;7259;474;9;2;8;40;140
1559901027613381;2201454380124706;329780;622622;545984;170159;3271051;3313674;958022;13835;6475;133;203;267;1382;768
1559901027613381;455836694894549;0;15617;7436;503;111127;9449;133003;7054;559;99;4;2;0;1
1559901027613381;1909234742467727;10903;39767;30112;3415;181401;34301;162098;12936;713;78;57;17;2;5
1559901027613381;266953650587034;0;6108;2283;50;37466;101;47560;6147;44;3;0;1;0;0
1559901027613381;222625365084972;56382;50317;66401;9712;483197;218723;283815;9565;1614;26;97;21;1106;650
1559901027613381;514313102326708;35622;133788;106991;38245;773043;386085;422168;16034;12431;1266;150;107;13;24
1559901027613381;2108184679251953;20863;161322;127115;45932;534000;99140;286406;27096;3581;147;107;21;11;9
1559901027613381;311814379366392;42509;57484;50198;6223;486999;83916;340148;19047;3210;243;26;230;22;25
1559901027613381;1807326859316957;0;31737;12944;192;178300;29885;190554;11820;1226;357;11;23;6;5
1559901027613381;2012209152423740;56310;42892;61090;10570;277012;20933;240455;16375;1073;26;27;55;60;1
1559901027613381;664265357305349;8793;48821;42018;12224;265933;60866;251474;17511;1095;24;5;79;66;6
1559901027613381;2299738776719811;0;11452;6523;1054;53317;8216;59330;8273;178;4;12;1;84;8
1559901027613381;321295241776602;0;48793;30460;6768;209414;17409;211793;14335;1020;87;16;37;6;5
1559901027613381;299231487292428;0;25611;11087;93;175939;29431;161278;11101;1401;461;31;14;3;4
1559901027613381;2039975886052819;0;5230;1776;139;40672;437;47173;4978;103;9;0;0;0;0
1559901027613381;1902248583151949;13682;230019;155150;54666;1084299;947363;580443;9178;21045;3176;425;536;35;30
1559901027613381;2220140178265304;0;28139;12441;28;195678;91892;113418;13957;1411;289;9;10;5;2
1559901027613381;875609042621707;0;43770;17152;138;299218;105626;239531;16751;2452;1106;33;56;5;5
1559901027613381;1055302484644448;39971;50184;47280;5485;419751;66157;179557;15969;3114;353;79;24;2;0
1559901027613381;2199052010364943;50344;57888;68264;14993;601401;215749;336134;8309;1718;29;30;6;296;237
1559901027613381;1820761391372185;0;28821;18395;3245;150449;18408;158873;11371;308;19;4;86;6;3
1559901027613381;526157357842632;13642;9106;8621;1058;132960;17359;72136;6379;348;32;0;2;2;80
1559901027613381;2169387493132795;26102;112180;81435;25365;630469;251013;408726;14863;6048;585;120;60;6;20
1559901027613381;447270252428383;18422;14546;14730;3433;206409;45108;95446;15118;1595;16;3;6;31;97
1559901027613381;505231383258682;103697;235598;212224;36271;1077399;836424;579922;33701;5434;168;220;409;2389;578
1559901027613381;713472329013521;0;5435;1820;322;56875;1195;76000;3180;67;0;1;0;1;13
1559901027613381;294427004698818;0;39325;15735;44;285660;56820;208165;16476;2217;1009;23;14;17;10
1559901027613381;827920677598003;0;34642;13403;46;256180;49711;180331;13950;1693;662;13;35;10;8
1559901027613381;2197321690537975;75246;35207;50533;10965;471982;69512;299240;10621;2418;109;20;15;229;61
1559901027613381;2196914553912022;17341;7714;9867;1000;147825;2742;98083;5712;335;15;3;4;2;77
1559901027613381;2196902060579938;0;862;407;48;9495;14;9660;7154;11;0;0;0;0;2
1559901027613381;2196218953981582;21002;29623;26905;3419;229755;15707;185854;8180;447;12;24;10;16;45
1559901027613381;2196134290656715;60893;95303;101330;31648;489133;164292;434605;10604;1831;66;60;43;1671;289
1559901027613381;2196087360661408;28774;19032;18565;2808;260800;16368;178398;8246;83;3;1;1;2;47
1559901027613381;2195982837338527;19909;86631;68849;22883;388019;31336;248712;25456;1340;223;55;20;2;2
1559901027613381;2195819380688206;5876;8549;4657;302;81797;7924;78424;4530;231;26;5;0;0;3
1559901027613381;2195645530705591;0;53001;33823;11543;293866;158746;256341;13485;2436;50;58;27;853;761
1559901027613381;2195037900766354;0;18771;7391;1134;131176;62617;113276;5549;304;8;5;3;189;259
1559901027613381;2194901514113326;0;26874;18640;2846;85244;8343;98464;15360;1307;75;18;248;17;3
1559901027613381;2194674577469353;0;32235;14053;25;291766;37470;189009;12781;1007;258;34;53;42;33
1559901027613381;2194705750799569;31577;38617;40114;9901;385468;60395;282211;11915;2313;159;25;172;31;18
1559901027613381;2194533617483449;102571;61973;78855;22090;696538;268650;203104;12408;16471;929;102;31;29;748
1559901027613381;2193969030873241;23760;18140;22067;3544;259705;17814;187359;7405;2157;238;60;10;2;0
1559901027613381;2193901867546624;20389;22353;20677;3631;229416;29836;141205;9318;865;15;29;8;4;766
1559901027613381;2193852530884891;0;60996;25563;3285;315121;231997;250076;7117;1674;37;20;8;785;1882
1559901027613381;2193780360892108;0;66607;30138;4922;395543;319834;296862;5337;1528;22;26;5;1108;2227
1559901027613381;2193654340904710;49759;43022;55039;15838;469176;153914;294330;21667;2645;58;45;12;238;694
1559901027613381;2193415050928639;16155;37144;32964;11182;287761;87552;199843;17747;1620;27;19;2;84;132
1559901027613381;2193164194287058;113499;35093;67863;19254;701818;92812;208533;8282;8128;234;41;43;22;875
1559901027613381;2192796714323806;8040;32236;25230;5545;178127;18164;196620;12508;223;17;2;48;135;13
1559901027613381;2192410674362410;100330;196390;146249;26813;1258811;1105319;453390;15498;6759;159;281;90;3068;807
1559901027613381;2192254897711321;67350;48937;68805;19223;648442;105294;342341;12938;5576;534;135;57;5;3
1559901027613381;2191625111107633;30427;34120;38171;7087;337420;72807;196643;9490;2363;299;29;12;4;469
1559901027613381;2191554187781392;0;43310;23642;8440;262855;70295;276391;15115;470;23;21;14;187;64
1559901027613381;2191422377794573;14112;28119;21039;5179;194784;29020;168956;9068;415;16;81;5;3;194
1559901027613381;2190425807894230;12017;80378;49519;18292;425491;157238;261902;15202;2466;65;71;90;57;42
1559901027613381;2190343424569135;119693;404245;281814;130696;2099101;2488291;360620;14557;50970;3498;425;189;597;6788
1559901027613381;2188821761387968;45867;24680;38067;7740;381290;49258;184722;10146;1292;21;17;4;248;276
1559901027613381;2188425034760974;0;51535;29480;355;183655;21286;191084;17680;665;116;66;13;14;8
1559901027613381;2187862491483895;0;27772;15729;1905;128685;4819;127363;9298;404;78;1;3;0;1
1559901027613381;2187445824858895;331622;368321;328915;62146;2043636;1140181;390451;11337;62003;3391;237;106;170;4078
1559901027613381;2187067701563374;0;23272;13030;2210;135950;6004;138839;10303;238;23;4;11;4;5
1559901027613381;2186901878246623;0;43364;21806;5286;180891;34088;190409;9385;881;21;23;99;77;128
1559901027613381;2186823378254473;0;17763;6637;1018;114205;9182;121819;5635;167;6;14;1;3;58
1559901027613381;2186732644930213;0;45913;22033;1244;237149;88272;205544;18679;1873;418;63;4;2;2
1559901027613381;2186319608304850;0;15160;5388;199;81668;6654;94394;8839;247;26;1;2;2;1
1559901027613381;2185869798349831;0;30584;17751;5103;176359;9033;170180;12946;482;55;7;61;15;1
1559901027613381;2185818181688326;0;7578;4739;461;53291;856;58100;7197;56;2;0;1;3;15
1559901027613381;2185767185026759;64248;47890;57653;14693;325392;80030;255121;9861;2985;267;37;58;86;208
1559901027613381;2185656501704494;169706;172614;170619;20767;915579;669878;509513;17465;16502;3653;75;159;94;791
1559901027613381;2185619321708212;39780;69440;66933;20509;594348;212274;312692;10450;4456;318;382;82;6;8
1559901027613381;2185438305059647;61781;55414;71229;36749;453272;114202;197977;27750;1822;31;34;14;136;128
1559901027613381;2185337255069752;16224;67114;41590;7594;335011;160756;170313;16347;3757;226;57;47;47;314
1559901027613381;2184763428460468;55280;50216;55676;12154;421218;73625;343426;10855;845;22;16;27;68;7
1559901027613381;2184627301807414;38771;78114;50781;7063;413153;248043;195444;17076;2932;67;48;23;322;638
1559901027613381;2184568488479962;8760;65249;33025;8830;317294;184799;219071;7681;1901;26;26;6;697;1565
1559901027613381;2184518015151676;10706;30586;20797;6021;142454;8937;125844;12172;256;16;38;22;4;3
1559901027613381;687523431598946;0;34246;22018;7750;180712;16653;191949;11180;697;38;6;6;11;51
1559901027613381;2184146718522139;0;24890;10963;2468;175735;54782;144906;6131;1435;238;21;1;0;4
1559901027613381;2183888998547911;0;16370;6428;984;72780;7715;74758;6976;145;11;10;1;1;0
1559901027613381;2183821288554682;11565;40403;27626;8776;263780;79015;184511;11103;1133;19;189;47;159;287
1559901027613381;2183756798561131;0;29632;13054;2027;128438;23188;129122;7412;708;63;5;4;9;48
1559901027613381;2183692255234252;0;22587;15733;1388;71154;480;81747;14347;96;3;1;3;6;1
1559901027613381;2183634298573381;7764;15444;11004;1986;127865;11327;115571;7639;432;25;2;5;2;25
1559901027613381;2183566218580189;33468;127509;118148;23400;366130;126000;292493;20118;1938;302;88;964;110;74
1559901027613381;2183512281918916;146981;112089;143822;54179;836256;337843;333767;12037;8801;972;252;133;24;26
1559901027613381;2183458115257666;0;20836;10063;2461;121854;12668;124325;6451;462;42;15;1;0;0
1559901027613381;2183385971931547;0;78109;55794;22750;275704;71206;272641;18800;1478;86;25;46;273;49
1559901027613381;2183254771944667;0;6451;1992;230;52230;8486;56060;3480;112;13;2;0;1;9
1559901027613381;2183085625294915;62224;31519;37821;4466;563382;75061;223472;5616;3780;382;61;17;5;305
1559901027613381;2183030478633763;92210;66798;116660;30376;438970;95781;210969;18686;4243;93;69;139;39;232
1559901027613381;2182221598714651;64168;18071;38467;8352;249622;24352;91679;10806;983;6;6;9;17;178
1559901027613381;2182162715387206;0;32711;15895;3187;198417;50238;196953;8326;733;10;16;17;172;183
1559901027613381;2182103795393098;0;27950;11853;3066;140935;21139;140413;7344;1279;186;16;24;3;9
1559901027613381;2180977985505679;0;31833;19403;6437;173213;12490;181389;11085;406;19;24;49;0;5
1559901027613381;2180870188849792;0;52438;22758;147;168896;38285;162133;9299;1639;618;10;12;28;43
1559901027613381;2180867785516699;2661;110186;59076;329;426772;366527;226500;17642;6612;3163;48;59;52;161
1559901027613381;2180789508857860;51766;47646;42454;6003;349603;54699;191953;11170;2443;227;42;9;4;3
1559901027613381;2180740072196137;36753;32878;33136;8587;311867;41421;162959;7581;1779;161;37;6;0;0
1559901027613381;2180659952204149;0;15442;6446;837;100377;4091;108049;5237;213;23;3;3;9;0
1559901027613381;2179679825635495;0;73681;42423;11443;286674;110596;214303;10437;2929;160;58;559;69;31
1559901027613381;2179599678976843;0;18820;8007;990;86859;3839;94858;11871;152;2;10;2;0;8
1559901027613381;2179543418982469;18787;10981;15753;3065;163245;11755;77207;13879;368;12;3;3;2;57
1559901027613381;2179456255657852;14664;45487;23745;8361;323502;161557;142544;6375;2636;635;78;7;1;24
1559901027613381;2179399445663533;0;25246;11196;3366;164970;28912;152595;6270;1085;178;10;8;5;29
1559901027613381;2179058789030932;25212;36155;42501;8298;194123;6862;137005;18003;271;30;5;61;6;8
1559901027613381;2178854269051384;55280;51172;56176;12258;422467;76670;343781;10884;1621;57;25;113;48;14
1559901027613381;2178682319068579;0;37847;18543;4504;195147;18389;191210;15756;1720;49;5;7;12;160
1559901027613381;2178621139074697;190000;105165;160688;33850;1161769;270522;339730;15339;12740;1657;203;80;16;11
1559901027613381;2178569482413196;48723;45037;58651;17606;446413;56815;241864;16124;2462;116;29;214;214;15
1559901027613381;2178502662419878;0;12277;6496;642;68767;2554;72694;8486;271;19;7;0;14;136
1559901027613381;2178323629104448;0;27719;15322;2172;121259;24024;125957;9336;268;8;10;1;40;261
1559901027613381;2178286389108172;0;33502;11594;218;134984;23389;147272;9261;1528;495;12;26;10;2
1559901027613381;2178272209109590;0;16758;8732;1325;74977;5255;79971;15346;233;12;6;0;2;4
1559901027613381;2178232449113566;63442;129067;99765;25740;827343;578118;368972;6907;21362;2848;697;70;17;12
1559901027613381;2178180585785419;0;64626;44462;3777;224957;98918;171956;17584;3321;473;95;3;2;3
1559901027613381;2177739172496227;28026;14496;17294;2990;238360;30501;82723;6150;1505;195;38;1;2;2
1559901027613381;2177638619172949;0;56163;21381;233;216633;114094;174801;14862;3720;1728;41;50;23;12
1559901027613381;2177588692511275;33488;59652;49784;22176;464878;164369;219719;10253;4477;409;38;15;13;63
1559901027613381;2177513702518774;0;42551;25903;7133;151278;20995;157944;16921;453;31;13;9;117;15
1559901027613381;2177454412524703;135688;65161;110986;28830;870816;116862;279215;9602;9781;1523;173;71;15;9
1559901027613381;2177391085864369;9860;8574;7857;1089;91396;3878;65131;6983;141;7;9;3;18;102
1559901027613381;2177330212537123;81704;74600;69636;16821;753937;327127;307466;7440;11145;1355;234;32;9;8
1559901027613381;2177230405880437;24471;37415;25452;7182;286014;141595;190816;7416;1897;149;10;8;25;1332
1559901027613381;2177201119216699;0;12492;4914;33;72112;2237;81220;8182;238;49;11;3;0;2
1559901027613381;2177179389218872;206149;211384;215535;1511;1348245;839985;300162;14922;42230;13981;691;462;161;81
1559901027613381;2177131025890375;176997;36209;112684;22877;953322;52566;217570;8537;8228;708;123;50;7;9
1559901027613381;2176993275904150;0;33263;11713;88;152573;28106;157365;8925;1965;540;17;13;6;5
1559901027613381;2176971542572990;8718;19693;16086;4610;181641;40704;127054;10413;793;31;33;18;0;2
1559901027613381;2176552125948265;48930;507853;414090;145387;1757435;825519;290742;23787;8164;512;538;3910;72;81
1559901027613381;2176469275956550;0;6729;2402;249;49108;416;55215;5069;44;5;0;0;1;13
1559901027613381;2176413372628807;29683;31768;35226;11384;246377;37086;144628;11736;1451;26;5;10;78;155
1559901027613381;2176330712637073;23319;14226;19146;5769;136955;16166;85285;9898;345;5;8;7;31;286
1559901027613381;2176272429309568;0;101927;65646;16428;424267;148619;313780;23453;4841;959;111;27;63;48
1559901027613381;2176223292647815;44960;54366;50677;6833;334282;71791;228574;11756;1597;39;16;19;121;276
1559901027613381;2175893942680750;103908;61888;84043;16853;767272;81887;361541;14929;583;42;16;3;0;2
1559901027613381;2175844682685676;0;32287;11536;118;146542;22484;151204;9360;1407;572;37;31;14;7
1559901027613381;2175762842693860;61877;32377;42579;4234;573551;92582;206102;10434;3793;168;25;16;13;294
1559901027613381;2175438519392959;0;24481;14288;4503;95821;1453;101091;12111;142;5;0;18;3;3
1559901027613381;2175391099397701;0;6271;2064;328;41982;261;47435;3754;78;4;3;1;0;2
1559901027613381;2175311442739000;0;9749;4354;974;45641;400;49691;8121;64;4;1;7;0;0
1559901027613381;2175286136074864;0;40439;19238;5814;196349;52757;194818;10640;902;71;11;38;128;10
1559901027613381;2175232572746887;17289;76728;61611;18132;330009;90049;254020;18749;5833;226;17;32;17;228
1559901027613381;2175051586098319;47393;32861;41808;6343;230443;33752;217717;11906;1057;71;11;17;11;447
1559901027613381;2174865996116878;0;13092;5428;49;99718;4854;108929;7827;261;36;5;16;10;7
1559901027613381;2174765802793564;405374;723369;857974;391099;2338881;2257649;538977;36391;15200;649;322;3325;12996;725
1559901027613381;2174671652802979;127596;120709;146513;30259;780969;115569;458397;9728;5404;540;78;77;17;3
1559901027613381;2174682556135222;22056;58766;45164;13771;345530;103216;249882;10606;4532;257;30;41;62;639
1559901027613381;2174181002852044;15249;31020;26130;7414;234565;58313;138546;9944;1472;110;14;15;7;9
1559901027613381;2174130119523799;34431;6782;16841;2157;204401;4423;56956;7007;872;39;8;4;1;2
1559901027613381;2174014666202011;0;23601;13910;3769;123034;8571;120009;8393;291;8;38;19;1;81
1559901027613381;2173953062874838;88926;428524;304771;73917;2100110;1343788;955867;29838;31751;5582;504;455;70;26
1559901027613381;2173854632884681;12872;138779;95174;13375;430452;317035;226466;23652;3736;61;105;15;1244;1489
1559901027613381;2173511002919044;17503;7605;14953;2861;151382;6671;62783;17595;363;10;1;2;0;22
1559901027613381;2172647329672078;0;26421;14003;2662;124361;2933;130214;16681;208;7;3;12;7;2
1559901027613381;2172542563015888;26866;11419;15596;1816;182015;9433;80919;5832;583;126;5;9;2;0
1559901027613381;2172473536356124;0;10740;3987;235;83731;3723;90873;4857;83;2;0;0;2;17
1559901027613381;2171749206428557;0;16970;7890;1110;109350;2661;105418;7287;152;18;5;3;0;0
1559901027613381;2171589703111174;0;23557;11776;1720;112106;2629;116439;11500;154;12;1;5;5;49
1559901027613381;2171507409786070;6229;20141;13901;3678;131264;7472;129846;6395;172;4;25;2;61;3
1559901027613381;2171428329793978;33196;62134;76064;16910;247453;11398;202699;20677;447;24;21;150;6;1
1559901027613381;2171329979803813;13899;102463;47034;18475;454749;277718;243952;6996;5677;1635;141;19;3;8
1559901027613381;2171226623147482;0;3319;1899;603;19724;175;22871;14864;48;1;0;0;1;3
1559901027613381;2171166583153486;51586;25288;34970;6514;455378;29956;141895;7328;2089;99;15;2;7;115
1559901027613381;2170713789865432;9841;30027;24594;6828;143215;30662;115575;11077;272;26;22;27;32;4
1559901027613381;2170595453210599;8535;53154;33979;7233;199436;39308;183793;11107;602;9;17;7;349;483
1559901027613381;2170538239882987;0;19602;10433;2672;114892;4780;114819;8162;260;15;3;12;1;1
1559901027613381;2170442353225909;19393;6855;14260;5103;106624;4070;80366;6858;477;9;3;1;56;101
1559901027613381;2170267426576735;26965;13795;21994;2655;212063;33481;139953;9637;815;13;37;22;49;139
1559901027613381;2170180569918754;0;25284;12751;4183;130653;9020;141247;10561;318;11;15;75;0;5
1559901027613381;2170105506592927;33536;60291;45597;7237;408067;161619;256868;12136;1624;46;45;40;1375;222
1559901027613381;2170023989934412;29134;39918;29685;7327;296094;91170;162864;6926;3028;76;49;13;46;249
1559901027613381;2169531049983706;0;4051;1325;65;40583;341;44068;4066;25;3;1;0;0;0
1559901027613381;2169452499991561;10421;23375;20886;6913;125266;7791;103476;9878;401;14;39;9;1;1
1559901027613381;2169391129997698;10845;18458;21989;8282;89110;1503;73938;14938;97;4;3;15;50;8
1559901027613381;292353214658655;0;3493;982;134;43919;358;49099;2471;46;1;0;0;0;0
1559901027613381;2169273533342791;211493;3427066;2642015;1094870;7004219;11696579;660332;30805;71990;2702;5249;4689;63402;6554
1559901027613381;2169220003348144;32823;47190;42895;11734;262550;52205;149932;12229;1663;179;26;5;2;3
1559901027613381;2169165720020239;0;8364;4137;1043;51844;1920;55448;5563;96;9;0;2;1;0
1559901027613381;2169098086693669;82755;183916;139823;21983;1053188;907356;377013;10856;6549;210;95;60;3139;7231
1559901027613381;2169001510036660;54577;19537;37719;10584;320853;31713;129288;7697;1554;95;18;12;4;2
1559901027613381;2168885220048289;20513;80722;48966;18842;317451;61308;293228;18923;309;10;23;1;8;36
1559901027613381;2168558846747593;0;1238;464;80;9477;43;10904;6526;11;0;2;0;0;0
1559901027613381;2168245333445611;4718;6567;5016;932;70209;3006;51609;7401;149;10;9;11;50;14
1559901027613381;2168174343452710;51018;57532;60048;17588;356138;25776;228153;14513;2215;139;18;414;176;4
1559901027613381;2168059950130816;20051;20606;27523;11867;154963;4874;111123;13593;258;12;24;31;0;2
1559901027613381;2168005040136307;21661;31303;35874;13869;187050;13882;153592;15978;599;35;23;167;149;33
1559901027613381;2167894796813998;0;17706;6492;23;86701;6524;93216;12039;327;87;2;6;1;1
1559901027613381;2167820683488076;0;21310;7121;56;78531;3586;84012;11368;303;52;7;0;0;2
1559901027613381;2167724930164318;149376;462210;351705;110797;1629625;1354148;423725;13821;37846;3997;1755;242;26;28
1559901027613381;2167325196870958;1930;4398;3545;650;42162;589;43193;4418;60;5;2;9;0;0
1559901027613381;2167284773541667;0;14728;7224;2015;81717;685;91680;8134;95;3;2;38;7;0
1559901027613381;2167233363546808;9205;8837;11185;3950;64126;1619;55323;15339;108;1;1;13;0;0
1559901027613381;2167187420218069;0;8316;3363;887;45451;2296;48951;7423;64;2;2;24;8;0
1559901027613381;2167120160224795;8461;16131;10056;1774;140356;18226;85583;7094;828;62;12;4;0;0
1559901027613381;2167015513568593;195033;112622;152273;30140;1021862;239038;335225;22536;8306;775;126;303;19;9
1559901027613381;2166873770249434;0;6563;2599;26;45529;1271;53581;7994;124;7;4;1;0;1
1559901027613381;2166855750251236;65720;53822;50293;7146;336567;100650;202723;7595;4313;940;148;10;3;14
1559901027613381;2166775563592588;9606;40434;32870;8469;193182;37745;144811;25374;864;36;114;10;7;3
1559901027613381;2166331670303644;18652;42847;39039;15586;282217;47455;199599;9777;1345;50;144;387;44;31
1559901027613381;2166292573640887;6834;16475;13473;3979;80585;1878;75277;11356;107;5;8;11;14;3
1559901027613381;2166251560311655;45431;34140;37047;7397;370611;95500;187810;7585;1947;61;24;13;547;1557
1559901027613381;2166209856982492;30499;33606;36701;8867;278752;26484;157718;11744;1657;136;7;29;8;1
1559901027613381;2166155400321271;159763;292258;365889;145517;909944;303957;474370;30655;4111;197;310;1286;391;192
1559901027613381;2166069756996502;27767;16099;24194;9478;258038;6057;115095;7752;1201;49;5;18;11;2
1559901027613381;2165950617008416;0;21022;9170;19;116916;14817;125930;28785;473;109;31;63;111;18
1559901027613381;2165945930342218;11287;27401;23856;5276;152112;10452;139283;19577;504;22;26;8;2;7
1559901027613381;2165892080347603;0;6025;2430;1333;42177;776;48996;5623;82;3;1;5;1;1
1559901027613381;2165901057013372;42076;18121;25160;2221;249913;16011;156636;9496;1782;203;24;4;1;16
1559901027613381;2165818493688295;0;6476;2814;24;62639;1026;73742;11091;99;16;0;7;0;0
1559901027613381;2165756697027808;0;29577;14398;238;140654;10152;150100;19873;505;95;37;109;126;23
1559901027613381;2165740860362725;25749;16886;17403;3339;145282;35984;114853;7883;951;12;13;10;211;386
1559901027613381;2165694430367368;0;21638;10777;2497;113964;14649;140179;7346;90;1;2;0;2;0
1559901027613381;2165592500377561;0;18069;8230;2446;119205;13935;132128;6636;698;98;14;2;1;7
1559901027613381;2165528917050586;70319;61291;80487;19053;423526;85708;256572;23824;3812;589;35;256;37;14
1559901027613381;2165077367095741;137232;66764;80506;80;541598;210236;309793;15211;7857;2376;73;59;37;37
1559901027613381;2165060553764089;0;18014;6425;1605;109228;23387;107432;5451;851;79;2;1;1;12
1559901027613381;2165031713766973;0;79437;36065;18967;369972;153858;283878;11815;3792;349;53;24;14;211
1559901027613381;2164996600437151;222373;41255;102741;34246;1117965;56209;186227;5420;3094;249;35;39;379;36
1559901027613381;2164933697110108;0;43006;20650;4848;205317;58937;183597;9026;2603;495;16;13;4;74
1559901027613381;2164821397121338;61601;58893;45372;8073;918847;118391;298368;6081;2094;247;13;17;5;89
1559901027613381;2164774763792668;0;7597;2491;370;48144;1541;53593;5545;77;5;0;2;1;0
1559901027613381;2164673333802811;0;37011;13292;42;165838;53159;158357;15725;2149;876;20;13;15;37
1559901027613381;2164606767142801;0;45456;26073;5310;245167;78788;214174;20346;1761;97;9;8;23;143
1559901027613381;2164528173817327;27607;10069;15041;1393;172163;5182;79421;4600;472;44;11;3;0;0
1559901027613381;2163989690537842;0;21637;10777;2497;113964;14647;140179;7346;118;4;2;1;3;0
1559901027613381;2163724163897728;2044860;758378;1179799;42857;18467518;3609463;1311156;12295;10888;1202;138;58;98;1200
1559901027613381;2163639947239483;25086;63546;44831;7774;306064;106046;199058;10174;3787;359;130;11;6;7
1559901027613381;2163568347246643;0;25519;11141;2995;160476;18423;160346;8926;801;33;11;8;11;35
1559901027613381;2163499113920233;5281;21180;14268;2441;113832;8374;105345;14795;390;16;0;5;7;33
1559901027613381;2163463367257141;54745;100943;78940;13873;503823;228591;303124;30456;2783;48;86;28;300;26
1559901027613381;2162943803975764;13218;51269;40816;18601;239179;22670;243680;16289;750;29;14;216;127;5
1559901027613381;2162873983982746;23989;24535;24091;7002;234423;27301;193914;8285;807;29;32;17;128;157
1559901027613381;2162789380657873;18171;12857;15253;4672;143445;4228;90270;7205;551;17;6;4;22;1
1559901027613381;2162690594001085;0;12342;4476;1060;86965;6455;94322;5502;162;6;1;1;0;10
1559901027613381;2162618680674943;0;30886;12706;35;155250;13996;175605;27428;467;80;27;123;241;15
1559901027613381;2162565597346918;0;6456;2381;9;49700;928;60504;5940;87;9;1;3;0;0
1559901027613381;2162522400684571;65690;75969;76865;17281;555681;243403;409118;29053;3630;123;269;45;89;27
1559901027613381;2162376130699198;0;17388;7948;1729;101243;2585;111798;7074;183;13;7;2;0;0
1559901027613381;2162082687395209;0;4985;1497;169;36112;659;39094;4359;45;1;1;1;1;3
1559901027613381;2161896560747155;0;35976;24933;6521;194293;37870;198325;13397;296;8;8;2;173;161
1559901027613381;2161800267423451;0;10482;5002;957;67883;989;75392;7219;90;7;1;4;7;0
1559901027613381;2161760590760752;280212;84627;213067;38181;982517;192707;300838;19210;7890;421;51;871;51;69
1559901027613381;2161699587433519;55052;93776;93455;28041;491582;293314;179847;22229;5512;370;89;21;13;6
1559901027613381;2161644100772401;13490;33127;22576;11145;260951;66139;187345;9651;892;19;43;7;88;537
1559901027613381;2161595444110600;11450;14714;14539;1677;89710;8652;74387;15007;221;3;4;4;40;26
1559901027613381;2161544000782411;0;25816;14943;4041;116047;4185;127872;9397;256;13;1;132;1;5
1559901027613381;2161492927454185;0;9293;3639;24;63776;1609;73011;7962;136;11;1;14;2;3
1559901027613381;2161415060795305;0;29936;12314;259;153268;11129;172474;23775;394;100;8;191;216;14
1559901027613381;2161405434129601;24151;56475;47650;17338;239014;15486;195662;16085;1078;56;7;5;2;31
1559901027613381;2160822017521276;22090;13645;20861;6150;183906;22875;90443;5888;911;78;9;1;1;1
1559901027613381;2160758677527610;4334;16394;11151;2071;110567;7185;110125;7930;309;20;3;96;1;0
1559901027613381;2160697427533735;34830;28420;36296;10246;237527;15587;157666;11567;804;108;15;308;18;7
1559901027613381;2160567300880081;5239;12854;9724;2102;131479;16159;103494;11757;372;17;7;5;2;4
1559901027613381;2160456677557810;43379;80456;53635;18185;523306;215280;410862;13669;1066;17;10;7;164;556
1559901027613381;2160395184230626;0;27329;9982;290;123709;12305;132812;15811;448;44;7;15;22;4
1559901027613381;2160371140899697;15594;13114;12366;5059;171886;9468;107250;9665;669;61;9;2;0;1
1559901027613381;2160272747576203;0;14164;4780;57;92629;4617;102979;9234;228;47;9;21;20;7
1559901027613381;2160245867578891;0;16432;6672;214;87000;5935;100203;6638;263;20;4;1;23;7
1559901027613381;2160217744248370;0;55024;35150;11951;586501;529427;295617;35087;3033;82;51;11;667;2386
1559901027613381;2159909564279188;5739;7755;7244;1309;75303;1561;65544;5783;142;8;15;0;1;1
1559901027613381;2159760567627421;20830;15530;17182;4433;135161;8106;79791;7724;321;8;15;3;2;102
1559901027613381;2159700304300114;0;31014;17158;6167;148675;7460;153338;11883;804;69;22;4;0;0
1559901027613381;2159640470972764;23039;32607;35165;11806;222661;11307;163414;13495;698;56;22;4;0;0
1559901027613381;2159504120986399;37086;274639;164334;22508;1143581;1398212;308198;15593;8451;195;70;36;1086;3589
1559901027613381;2159431097660368;0;18206;10064;1725;99810;1735;105940;9853;191;6;1;17;1;0
1559901027613381;2159374900999321;23611;13557;17069;1423;178206;8547;111204;10175;355;4;7;0;58;106
1559901027613381;2159308267672651;0;5580;1967;17;58348;3109;68023;6169;172;30;9;1;3;3
1559901027613381;2159308897672588;19569;19783;13796;2992;176842;47103;95293;5606;740;105;17;2;0;0
1559901027613381;2159249174345227;0;17161;7190;926;94128;10429;100568;8760;205;6;1;3;43;38
1559901027613381;2159204217683056;18616;44422;35125;7891;212191;45893;146732;9170;986;237;4;538;2;1
1559901027613381;2159154687688009;62942;278052;218060;95298;1114117;852851;429255;14545;7099;267;103;8966;326;106
1559901027613381;2159087934361351;40065;152889;134802;22904;529430;141177;404860;24168;2849;86;134;114;637;342
1559901027613381;2158775457725932;0;43022;22950;10502;215276;62442;189012;9700;1856;213;21;7;0;2
1559901027613381;2158595927743885;0;39315;14730;149;186546;59949;173816;13221;1975;859;32;22;36;14
1559901027613381;2158616077741870;0;31987;20886;6735;164452;56403;138961;11027;280;4;2;1;260;48
1559901027613381;2158557291081082;32936;22106;26785;8267;168929;16183;97634;10997;520;10;16;3;1;348
1559901027613381;2158513884418756;24764;74372;57811;8824;294036;99583;223266;9343;581;23;74;205;457;55
1559901027613381;2158431897760288;302;178869;91196;538;674687;563652;345875;25819;11551;4893;107;116;105;39
1559901027613381;2158360117767466;0;26849;11947;44;140274;17384;144041;20267;452;48;20;34;10;3
1559901027613381;2158256387777839;28850;69633;43293;92;489725;278490;215704;21142;7561;2758;77;78;102;38
1559901027613381;2158202191116592;0;7052;2954;21;50362;2297;60325;8904;158;14;0;6;0;1
1559901027613381;2158099901126821;476349;86012;243140;24725;1826368;273338;1147158;7407;841;62;14;9;0;1
1559901027613381;2158037814466363;38138;97295;74725;20630;599555;254664;377067;17820;6619;724;235;38;9;8
1559901027613381;2157008514569293;142223;70481;115409;24559;868270;219694;501063;11325;1362;27;7;10;294;358
1559901027613381;2155960751340736;29520;79950;68889;19452;321014;34021;281600;20976;730;20;6;147;23;4
1559901027613381;2156229957980482;0;35812;19017;7876;161494;13165;161762;10787;886;80;15;5;2;1
1559901027613381;2156163247987153;69622;34886;50392;13060;499413;111429;242772;6878;4072;437;50;42;302;211
1559901027613381;2156106204659524;30570;82973;57892;13070;538493;380660;281306;8994;8474;755;117;18;1;11
1559901027613381;2156061624663982;54135;104124;84255;9181;564080;316673;263415;17821;710;48;3;1;0;2
1559901027613381;2155986814671463;29572;11085;13325;1684;196429;9400;169201;3802;708;92;25;3;0;1
1559901027613381;2155629171373894;9491;30567;23467;6524;218530;30739;184127;8734;790;74;5;361;8;1
1559901027613381;2155408414729303;0;49626;26802;7652;184208;52501;165918;18460;509;17;14;4;166;77
1559901027613381;2155186481418163;48924;87951;83772;18909;603593;313799;410495;9009;7112;517;57;75;1087;1328
1559901027613381;2155133788090099;12912;23026;17870;4889;164917;31108;111522;8570;1013;345;44;72;23;6
1559901027613381;2155043334765811;15559;28463;22217;7483;203599;8900;158243;9545;577;11;2;22;0;17
1559901027613381;2154485591488252;33238;34015;32085;5446;278837;26276;173886;6859;1215;220;19;43;9;1
1559901027613381;2154368711499940;0;53271;32272;4652;246273;55583;225191;11012;1474;170;38;3;18;32
1559901027613381;2154314884838656;54001;26292;58109;12914;330127;47104;181116;10998;644;9;21;11;475;177
1559901027613381;2154207628182715;70452;33941;45521;8813;407663;94393;232893;7246;2599;41;26;18;723;567
1559901027613381;2154157744854370;20673;26430;25101;13495;273854;19181;162133;10747;843;20;33;3;4;126
1559901027613381;2154094934860651;134913;338385;229257;27793;1768333;1585165;411297;9904;11092;146;169;57;8735;6646
1559901027613381;2154026098200868;0;5732;2108;16;52331;1215;64363;5819;111;20;3;2;0;0
1559901027613381;2153426844927460;19299;25804;21211;3913;155650;30641;97647;8746;755;169;21;3;3;4
1559901027613381;2153305181606293;0;12872;5703;853;74475;6331;83176;6636;205;2;5;2;79;40
1559901027613381;2153202481616563;0;23901;13770;5719;116197;2914;131035;12738;396;11;0;1;3;15
1559901027613381;2153155058287972;5717;25709;20895;5714;150993;9954;142609;8570;276;15;0;163;1;1
1559901027613381;2153056964964448;47177;60133;54676;12780;411225;65507;264736;14946;1657;40;24;622;223;37
1559901027613381;2153022801634531;0;3328;963;15;55109;576;59544;3983;35;4;0;2;0;0
1559901027613381;2152918931644918;83555;37725;62567;14216;318163;21960;226637;10830;1071;11;18;11;449;362
1559901027613381;2152840874986057;56102;28508;50424;26170;277787;26758;169652;9833;1453;26;24;85;29;19
1559901027613381;2152375505032594;0;41859;28724;6506;125567;18248;129213;10204;348;11;69;11;4;0
1559901027613381;2152279141708897;55050;241643;162391;29643;1078778;947827;332414;10925;10178;460;1574;126;8;75
1559901027613381;2152200068383471;95786;176143;167314;51324;892720;655753;447525;19192;8984;620;111;115;667;479
1559901027613381;2152073808396097;57210;84652;87256;31664;535513;254401;152268;27294;3141;94;139;18;262;229
1559901027613381;2152008975069247;17849;36179;31477;11594;209358;39960;152803;11422;1430;142;24;4;3;73
1559901027613381;2151885708414907;59277;51276;64675;13741;430195;67305;269964;16692;1803;48;22;163;199;83
1559901027613381;2151795518423926;84609;121463;110624;40894;685034;186303;503853;13096;2000;39;211;147;25;13
1559901027613381;2151313141805497;0;6544;2017;270;45923;816;53595;3373;34;1;1;0;0;0
1559901027613381;2151244771812334;95718;76442;92351;24456;636796;209936;269412;9406;6313;707;38;17;40;2906
1559901027613381;2151197375150407;50979;134121;136694;81891;753603;125166;279540;25286;14505;596;147;34;10;8
1559901027613381;2151078285162316;152913;119251;159489;30520;749085;291816;391381;17749;7782;447;192;137;832;224
1559901027613381;2151011321835679;23936;12262;18656;4375;140522;9622;85088;13549;602;227;11;4;48;17
1559901027613381;2150874948515983;0;7302;2652;23;64175;1221;77913;6126;118;20;1;3;2;1
1559901027613381;2150229055247239;0;26977;12573;2183;130612;5320;141657;11495;389;23;7;4;4;2
1559901027613381;2150034951933316;0;8756;4240;546;53229;902;59337;10264;217;12;1;3;1;0
1559901027613381;2149801661956645;35549;36240;43171;20906;496713;104688;179015;12872;4158;518;131;18;1;7
1559901027613381;2149696228633855;232063;161220;259336;26609;1151696;461695;526900;17328;8063;829;79;57;261;8242
1559901027613381;2149545508648927;0;11786;4417;1576;100987;6556;113214;3497;369;22;2;4;2;52
1559901027613381;2149465895323555;0;13863;6747;281;69789;489;77095;7890;93;2;1;3;7;2
1559901027613381;656218768062746;0;9468;3558;718;60914;1340;67810;6888;70;6;1;3;0;1
1559901027613381;2149041188699359;23134;23311;21244;1886;253982;53341;187533;9022;1443;155;15;42;4;3
1559901027613381;2148869232049888;7570;14873;7448;1036;135224;25032;112130;7180;323;16;21;9;0;2
1559901027613381;2148741598729318;88847;43937;71380;15066;667127;123581;242365;13443;6363;382;34;29;10;47
1559901027613381;2148686192068192;32067;30837;43120;13735;219846;36019;144539;21173;606;27;11;39;10;8
1559901027613381;655193868165236;22376;9298;18817;5939;104765;1742;72203;10117;84;4;4;6;0;0
1559901027613381;2148022825467862;160097;163034;173707;26584;1077838;626694;467739;10864;451;15;11;14;431;108
1559901027613381;2148033015466843;50717;172634;137212;63736;826655;543898;358541;11994;11735;991;123;74;41;18
1559901027613381;2147974885472656;0;11686;3666;646;94168;2408;108491;4419;108;6;6;3;3;14
1559901027613381;2147904368813041;29053;43808;42760;10787;432749;228445;181856;15008;4728;94;43;36;614;582
1559901027613381;2147835822153229;7553;9035;8619;2599;98177;7647;89254;6709;224;7;3;2;25;47
1559901027613381;2147682825501862;18465;326840;260503;100249;461568;66119;222532;38289;2274;106;43;27;58;101
1559901027613381;654668221551134;29578;17264;20574;6494;259391;21975;112444;7199;1360;27;9;28;120;219
1559901027613381;2147168982219913;5636;24427;15650;1820;130045;6841;126062;8023;332;34;20;1;0;0
1559901027613381;2147107755559369;15821;15676;16954;6201;119274;5978;88474;13679;809;13;3;2;0;82
1559901027613381;2147058108897667;0;83310;55086;19610;342712;86553;266943;17437;3170;335;26;25;32;48
1559901027613381;2146965255573619;13125;23905;18781;6431;172385;14874;129175;9105;650;166;4;228;6;10
1559901027613381;2146911438912334;42310;48578;46715;6839;413283;95058;236108;10253;1228;36;94;45;455;516
1559901027613381;2146867742250037;0;40980;28116;11329;206330;28472;217130;11208;616;11;41;51;10;73
1559901027613381;2146811135589031;0;10360;4833;628;66338;1771;70820;6508;137;14;3;0;0;1
1559901027613381;2146728335597311;0;5658;2091;15;55851;1135;68087;5749;131;28;1;1;2;1
1559901027613381;2146621642274647;4479;10386;7435;1793;102250;1462;92825;6351;174;26;6;1;0;1
1559901027613381;2146461385624006;84609;121335;110558;40867;684126;186093;503816;13999;1865;36;243;83;154;33
1559901027613381;2146385492298262;15721;21327;25439;4311;154277;18130;106821;11071;621;30;21;1;1;0
1559901027613381;2146235902313221;2459;49790;32774;5982;216963;50897;195659;9475;1201;232;103;32;0;0
1559901027613381;2146137268989751;69664;55334;74665;5565;480526;152986;293900;23792;3453;249;15;29;61;153
1559901027613381;2146088725661272;19446;59189;37222;11733;296980;83321;184120;9325;1983;736;110;16;0;13
1559901027613381;2145994665670678;6439;25191;21958;4959;132005;10905;129288;9927;378;10;13;94;1;13
1559901027613381;2145943529009125;9304;17605;11740;2316;153966;6806;140946;7478;392;11;6;7;76;29
1559901027613381;2145884182348393;8237;71213;47206;8708;337000;160582;261722;14432;1377;98;29;29;628;239
1559901027613381;2145824842354327;104233;79460;97329;27524;552202;170546;250941;13143;2909;73;19;4;4;5
1559901027613381;2145754152361396;3963;14362;7807;2019;74201;2394;75362;7830;174;10;6;1;2;0
1559901027613381;2145709449032533;0;7362;2828;14;64263;5836;73598;6799;190;29;7;8;9;8
1559901027613381;2145663622370449;40718;43733;41211;9608;487521;121916;293542;9814;4689;285;33;50;297;42
1559901027613381;2144937482443063;0;50691;27633;8927;208384;57849;197299;11138;822;30;40;33;11;86
1559901027613381;2144889465781198;74985;68105;56979;13827;671102;315583;336562;6468;5016;57;137;152;491;1064
1559901027613381;2144814399122038;8981;12144;8525;1736;116179;8403;90602;9230;161;4;6;3;65;36
1559901027613381;2144668872469924;0;6504;2925;21;53480;2358;62101;9414;108;22;5;10;3;1
1559901027613381;2144608529142625;0;25150;11821;62;127179;8872;136650;13102;416;110;5;93;24;4
1559901027613381;2144508589152619;93916;53108;94289;24083;455086;60331;318148;16644;3315;168;30;28;13;314
1559901027613381;651249238559699;0;15544;6979;32;90545;25856;81337;24702;663;350;3;7;2;3
1559901027613381;2143855745884570;0;243185;155529;82141;895419;882696;435568;17405;13650;1266;133;290;35;21
1559901027613381;2143783002558511;0;43954;23465;8658;251225;89471;225427;7565;3534;556;60;15;11;5
1559901027613381;2143549869248491;71754;62703;70087;11127;437169;52245;287816;19595;2740;193;32;227;21;12
1559901027613381;2143433332593478;118052;37005;97529;66370;365713;35034;221191;9319;3456;291;44;397;2;4
1559901027613381;2143154455954699;12754;48124;25482;5632;211464;19416;205318;19854;1627;196;15;3;2;2
1559901027613381;2143105422626269;0;33675;17673;5455;199930;45825;196786;10975;2057;314;24;8;8;7
1559901027613381;2143024352634376;0;118431;57518;87;515875;405732;257164;19657;7489;3938;116;135;145;72
1559901027613381;2142992989304179;6365;22275;13506;1241;101099;6025;99494;11568;534;44;9;4;2;2
1559901027613381;2142849899318488;0;37330;19130;5457;147939;25346;142788;13891;787;50;5;14;1;4
1559901027613381;2142751905994954;387683;150089;259371;92245;1939090;609423;467406;6313;38844;4991;429;88;76;26
1559901027613381;2142362222700589;139472;365635;239417;38;2174680;2068343;382979;19848;37231;18002;484;618;460;264
1559901027613381;2142594936010651;0;36410;19281;4275;138005;17774;146944;12783;1308;102;14;3;0;1
1559901027613381;2142301906039954;79689;147297;107292;50;1275151;985439;271813;19591;13281;4943;138;139;105;52
1559901027613381;2142374686032676;12603;27256;19588;6843;204091;20048;153449;11366;1030;100;6;36;2;0
1559901027613381;648927282125228;13927;23211;17626;2922;185681;8081;152458;11110;392;26;2;24;2;2
1559901027613381;2141022049501273;61761;15158;27973;4186;544302;17078;172696;7918;1968;82;21;39;3;3
1559901027613381;2140941852842626;10545;20037;13683;3804;171429;7374;155920;7059;445;34;7;12;1;0
1559901027613381;2140935742843237;0;2076;920;86;17708;93;20154;7037;50;4;0;0;0;0
1559901027613381;2140621992874612;3893;7806;6180;1217;73382;1460;68317;5599;64;6;2;1;3;0
1559901027613381;2140381366232008;4225;54424;26446;30;281927;154783;166906;20644;3633;1579;28;41;23;11
